"","cell_clustering","CD11c","Tbet","Ly6C","CD62L","Gata3","CD49b","IgM","CD8a","Foxp3","CD5","CD38","CD45R","CD69","F4_80","CD11b_Mac1","CD25_IL2R","Ly6G","CD19","CD3e","ROR_gamma_t","CD206_MMR","CD44","CD4","CD117_ckit","I_A_I_E_MHC_class_II","FceR1a","proportion"
"1",1,0,0,0,0.328307560906111,0,0,0.780382237252383,0,0,0.3958965338611,0.975261307377199,0.186884013951599,0,0,0.00806824799559969,0,0,1,0,0.112311953886752,0,0.586319504933796,0.126133547778552,0.0708592673948883,0.880156067965911,0.351866980828508,0.07
"2",2,0,0,0,0.02848276970786,0,0,0.495120583826366,0,0,0,0.680630755838203,0.202255606632358,0,0,0,0,0,0.699400664968565,0,0.0449822896781828,0,0.458736437329652,0.0303658229845627,0,0.802584533621119,0.131971100593684,0.27
"3",3,0,0,0,0.633980300478438,0,0,0.697811463576156,0,0,0,0.760337835834265,0.548538012781169,0,0,0,0,0,0.482046019723474,0,0.040601575280158,0,0.338843107430799,0.000482076515313649,0.0115768791124256,0.850242548442798,0.211809392299016,0.26
"4",4,0,0,0,0.321205226738219,0,1,0.367297931956459,0,0,0,0.644423678162374,0.294654189068764,0,0,0,0,0,0.62346378936711,0,0.152154390853593,0,0.442855199630995,0.0467110260975384,0.0141597994875611,0.797178154115888,0.150929519961101,0.08
"5",5,0,0,0,0.595757660407491,0,0,0.452769151088868,0,0,0,0.556495736742613,0.277057588785795,0,0,0,0,0,0.288977436597193,0,0.0659849106719662,0,0.278144058942811,0,0,0.754010357498497,0.0316517844461802,0.25
"6",6,0,0,0,0.395593394967569,0,0,0.500289731684775,0,0,0,0.501542266672612,0.172087127188278,0,0,0,0,0,0.626292104812073,0,0.029606209982873,0,0.39076048079919,0,0,0.747310258242888,0.0399207536517375,0.27
"7",7,0,0,0,0.689058202309959,0,0,0.861527452644298,0,0,0,0.545519360291433,0.351716457918449,0,0,0,0,0,0.735935220209203,0,0.0928725482774533,0,0.318824630027861,0,0,0.644409495040859,0,0.21
"8",8,0,0,0,0.44634348598551,0,0,0.885999202706424,0,0,0,0.71175993220071,0.233025753535814,0,0,0,0,0,0.786069258078754,0,0.0679302194444237,0,0.420073870689745,0.00641608561395101,0,0.763483804549883,0.0601355874784816,0.22
"9",9,0,0,0,0.712084001015276,0,0,1,0,0,0,0.892171715412468,0.530319267832776,0,0,0,0,0,0.945018939691954,0,0.0941788747909099,0,0.53023662350056,0.0722348920364104,0.0361934796024141,0.86521915167405,0.259921095617512,0.14
"10",10,0,0,0,0.722793419232363,0,0,0.711779444942079,0,0,0,0.741430143172291,0.777493823980721,0,0,0,0,0,0.79959741734762,0,0.0403308975339874,0,0.442713042782884,0.0153242730256411,0,0.800002250947435,0.0770008926718644,0.22
"11",11,0,0,0,0.720889478249683,0,0,0.475224907764105,0,0,0,0.867217617066202,0.687985890490383,0,0,0,0,0,0.846318134897294,0,0.0539322198326529,0,0.439443940122825,0.0517107496416317,0.0951825504033864,0.917048519949513,0.457798819232483,0.25
"12",12,0,0,0,0.60950803756738,0,0,0.14473288682425,0,0,0.354454347746256,0.904825780520409,0.134313024522315,0,0,0,0,0,0.964694448595371,0,0.0952006305147408,0,0.484233626090873,0.0656951911909719,0.0426074252580467,0.873324817553186,0.331574140017235,0.1
"13",13,0,0,0,0.495117786266894,0,0,0.608017629366616,0,0,0,0.812518732075796,0.498516779488642,0,0,0,0,0,0.798344977051884,0,0.0920494102662373,0,0.619150623193328,0.200429621915445,0.0887867335563211,0.877397357928115,0.303759545618833,0.12
"14",14,0,0,0,0.715462851632728,0,0,0.0751304712248682,0,0,0,0.711383492900402,0.174648530773169,0,0,0,0,0,0.743446272803142,0,0,0,0.253465689748605,0,0,0.831113971006716,0.128373548310532,0.36
"15",15,0,0,0,0.653927064881864,0,0,0.186054657666567,0,0,0,0.570090668365344,0.672798268079277,0,0,0,0,0,0.725678260577022,0,0.0207266383535554,0,0.326905246155023,0,0,0.78844209722089,0.128069773676238,0.3
"16",16,0,0,0,0.55389848493397,0,0,0.114440345478953,0,0,0,0.560905490438577,0.253537083619288,0,0,0,0,0,0.650549662365257,0,0.0121754266460523,0,0.283625543768172,0,0,0.635825698259437,0,0.27
"17",17,0,0,0,0.53032032456771,0,0,0.589442498921641,0,0,0,0.634983575749938,0.590168726763032,0,0,0,0,0,0.651939725694351,0,0,0,0.24224049056623,0,0,0.677873617892022,0,0.28
"18",18,0,0,0,0,0,0,0,0,0,0,0.269258662268513,0.121784309133801,0,0,0,0,0,0.673972893381532,0,0.0476902225836532,0,0.423260907558443,0.0123863352428999,0,0.733909419602145,0.0324672354016144,0.23
"19",19,0,0,0,0.0486287848754529,0,0,0.123563932248721,0,0,0.328787213852927,0.850977626334132,0.100513214553651,0,0,0,0,0,0.861069755309492,0,0.0577926673810098,0,0.481476025203986,0.0566945863588193,0.0277149656907512,0.842845092796163,0.268421852107839,0.14
"20",20,0,0,0,0,0,0,0,0,0,0,0.797958970184049,0.302577353376274,0,0,0,0,0,0.896560319653907,0,0.0935175306850059,0,0.626005591110013,0.16748111157253,0.0659039449690657,0.868024519064009,0.299022001494645,0.24
"21",21,0,0,0,0.0281876493644526,0,0,0.801714488909015,0,0,0,0.764918266651039,0.315392376573435,0,0,0,0,0,0.801629428207252,0,0,0,0.29368771183821,0,0,0.81823355503697,0.12011339944664,0.31
"22",22,0,0,0,0.0627205447273974,0,0,0.53366270215472,0,0,0,0.839356431707863,0.755305946142846,0,0,0,0,0,0.786962391131428,0,0.0483099944363358,0,0.474387381651316,0.0633270112723692,0.0796316987201851,0.903820229108899,0.360329083785781,0.2
"23",23,0,0,0,0.42055249964216,0,0,0.411964086300674,0,0,0,0.665677063282067,0.706817033745547,0,0,0,0,0,0.57625750942324,0,0.186904414905202,0,0.437320526315128,0.0151014638588123,0,0.8202634716619,0.125064438762883,0.24
"24",24,0,0,0,0.62102468661904,0,0,0.659691220020555,0,0,0,0.431552214069609,0.61785530532445,0,0,0,0,0,0.737537952643731,0,0.000836247494327876,0,0.278387475684565,0,0,0.802593693662974,0.133306012601529,0.27
"25",25,0,0,0,0.373900081617512,0,0,0.399948004909185,0,0,0,0.652727857993131,0.229577827230117,0,0,0,0,0,0.445625519161824,0,0,0,0.264582452678904,0,0.035708377802631,0.861407857144243,0.463904810038549,0.3
"26",26,0,0,0,0.639715739794202,0,0,0.66582977581981,0,0,0,0.628478910663103,0.108990002909969,0,0,0,0,0,0.72215075872796,0,0,0,0.228649852559065,0,0,0.774951363514532,0.0575584891782608,0.38
"27",27,0,0,0,0.338845969044709,0,0,0.636711755791467,0,0,0,0.546858417326964,0.183922687344207,0,0,0,0,0,0.717726997475269,0,0,0,0.21237894506828,0,0,0.800140285408456,0.160464767177992,0.35
"28",28,0,0,0,0.783326541473666,0,0,0.794275009657508,0,0,0,0.790203145068534,0.275643819957347,0,0,0,0,0,0.847408039325126,0,0,0,0.315021831341918,0,0.005299137541402,0.856031033279305,0.216036107229395,0.28
"29",29,0,0,0,0.447307366896068,0,0,0.813431158559977,0,0,0,0.843002475318771,0.794942336143482,0,0,0,0,0,0.804130571786623,0,0.105897169083211,0,0.417432864893157,0.0315508982997429,0.104299344189537,0.91491349412081,0.463546548813418,0.2
"30",30,0,0,0,0.416985590270565,0,0,0.460600535126203,0,0,0,0.824007150059892,0.62139895988013,0,0,0,0,0,0.727528368384284,0,0.0513755573200105,0,0.27312905631523,0.0159443851957983,0.145801874574765,0.935890453773105,0.707993700184679,0.27
"31",31,0,0,0,0.696649017533521,0,0,0.467174976411074,0,0,0,0.661576951211488,0.222992884334687,0,0,0,0,0,0.726404012744071,0,0.0429185685210451,0,0.401339101634596,0.00094013011247753,0,0.77254118587243,0.0619999774706127,0.28
"32",32,0,0,0,0.668967551025898,0,0,0.0692689146463925,0,0,0,0.795917633643873,0.324097994154178,0,0,0,0,0,0.827649670215616,0,0.0611494758042581,0,0.489846947242142,0.0656421213332659,0.0269145365677068,0.853688953929656,0.2486681142429,0.21
"33",33,0,0,0,0.400585337824314,0,0,0.0785309983099455,0,0,0,0.722430264824851,0.629328616967238,0,0,0,0,0,0.690151105505088,0,0.00505679304262115,0,0.248609496838072,0,0.00428068257939345,0.851840208926844,0.154279844202686,0.34
"34",34,0,0,0,0.347716343533579,0,0,0.346760316562509,0,0,0,0.464460754071563,0.618371822303618,0,0,0,0,0,0.595435530643604,0,0,0,0.244296918540151,0,0,0.76671887699585,0.079763279882598,0.32
"35",35,0,0,0,0.540393827439574,0,0,0.155168617643243,0,0,0,0.631633577906975,0.28626792794574,0,0,0,0,0,0.610320455113832,0,0.670394139851352,0,0.205775300368268,0,0,0.807307653119217,0.113448085559394,0.3
"36",36,0,0,0,0.403916191532865,0,0,0.0669922216986155,0,0,0,0.259435064675019,0.147637340869093,0,0,0,0,0,0.309461288116301,0,0.0203174617356338,0,0.262614949717928,0,0,0.663742115245628,0,0.26
"37",37,0,0,0,0.379169913180341,0,0,0.0851490119482807,0,0,0,0.210440120499431,0.185002434177058,0,0,0,0,0,0.638172903397875,0,0,0,0.251329208602605,0,0,0.716090263079247,0.0192066336705858,0.26
"38",38,0,0,0,0.0123572851394745,0,0,0.0263301722950094,0,0,0,0.669021173674446,0.146348346181314,0,0,0,0,0,0.718848915526518,0,0,0,0.23724954172127,0,0.0039102654792292,0.838256808520283,0.202385450784185,0.45
"39",39,0,0,0,0,0,0,0,0,0,0,0.64766846117956,0.14806844812993,0,0,0,0,0,0.795262480642245,0,0.0313302118099047,0,0.478112890795956,0.0266519152502925,0,0.692915351168316,0,0.23
"40",40,0,0,0,0,0,0,0,0,0,0,0.544797022611909,0.0970357113580083,0,0,0,0,0,0.512482063194317,0,0,0,0.24841372163032,0,0,0.709728093125488,0.00184553526717506,0.47
"41",41,0,0,0,0.044770159811428,0,0,0.664301546153176,0,0,0,0.447663421520255,0.687396196182335,0,0,0,0,0,0.704393728284255,0,0,0,0.345083610971191,0,0,0.744506376487893,0.0387373262848079,0.23
"42",42,0,0,0,0.0314726058150739,0,0,0.421463791988814,0,0,0,0.806861431141279,0.238855959701281,0,0,0,0,0,0.727177510970421,0,0,0,0.290892334963095,0.00386599928344471,0.0707843763513836,0.907576292449774,0.564762009523649,0.31
"43",43,0,0,0,0.539271596454565,0,0,0.449358901263944,0,0,0,0.75074389478546,0.701750014604426,0,0,0,0,0,0.799847217447445,0,0,0,0.257456634848483,0,0.0179651048250262,0.857479369695873,0.176500618375723,0.36
"44",44,0,0,0,0.808509267884283,0,0,0.503596878131126,0,0,0,0.722581274454952,0.643016866613823,0,0,0,0,0,0.806772015732653,0,0.0259283361606101,0,0.242068842964182,0,0,0.828671545363173,0.111312706643921,0.32
"45",45,0,0,0,0.287253505127846,0,0,0.356669142766276,0,0,0,0.688852274139626,0.231906686617492,0,0,0,0,0,0.754145204376127,0,0.0041513407430025,0,0.240709609620055,0,0,0.822651622072804,0.131973141177774,0.35
"46",46,0,0,0,0.439516010755901,0,0,0.530910280331028,0,0,0,0.771269665746883,0.259778735916658,0,0,0,0,0,0.762762543024523,0,0.0399578775774147,0,0.409853354938508,0.0151143107988494,0.0314484912538682,0.866649364804692,0.26321957093946,0.29
"47",47,0,0,0,0.46692561446098,0,0,0.702656554842826,0,0,0,0.805600359503409,0.259754316615869,0,0,0,0,0,0.789875111264867,0,0,0,0.216877132122209,0,0.0469245400588593,0.887259379682354,0.32630366501142,0.33
"48",48,0,0,0,0.649902542219184,0,0,0.656401603923687,0,0,0,0.739471909696866,0.487661176143064,0,0,0,0,0,0.742178772900999,0,0.734204799250007,0,0.283306052343998,0,0,0.834599723100428,0.167728108132734,0.26
"49",49,0,0,0,0.728938723415316,0,0,0.727540462124002,0,0,0,0.869758507420851,0.757026795147446,0,0,0,0,0,0.863758465971375,0,0.0316949809212273,0,0.260481111089679,0.0103292719899934,0.116928472940032,0.931928002685895,0.614619977264031,0.26
"50",50,0,0,0,0.641467072450239,0,0,0.948846464069523,0,0,0,0.745843776146756,0.703673065364611,0,0,0,0,0,0.823689819233819,0,0,0,0.257405623339899,0,0,0.816066013339135,0.113935335352085,0.28
"51",51,0,0,0,0.704347564557624,0,0,0.425538149439662,0,0,0,0.788594431358887,0.217595505203832,0,0,0,0,0,0.762561399088984,0,0.030421323400222,0,0.26238523118358,0.00459820882877017,0.0603787170152292,0.901616443153783,0.515708190425495,0.34
"52",52,0,0,0,0.737275762373054,0,0,0.109584039272332,0,0,0,0.845532256021648,0.660231161616338,0,0,0,0,0,0.815027486771704,0,0.0506119763525925,0,0.277602467459925,0.0105718971519527,0.0837728086062903,0.918063568842784,0.464074404541461,0.27
"53",53,0,0,0,0.410927758349175,0,0,0.112840465232624,0,0,0,0.837895108389453,0.621583258665681,0,0,0,0,0,0.748005508390537,0,0.0667340887215234,0,0.450961115329209,0.0627304164129879,0.121731416296313,0.920621488946504,0.517750067573943,0.21
"54",54,0,0,0,0.413933943542688,0,0,0.0546565698100519,0,0,0,0.620210877361899,0.174000743984976,0,0,0,0,0,0.647682244679532,0,0.0463589201520378,0,0.414851608312946,0.0132800680245018,0,0.795887692274137,0.13474926089676,0.34
"55",55,0,0,0,0.603328117197029,0,0,0.082566199951461,0,0,0,0.744616405685903,0.461788268914845,0,0,0,0,0,0.411115831822841,0,0.0186909594369189,0,0.322730040166298,0.000765580601156597,0.016607615534877,0.865262200079781,0.275443533873889,0.27
"56",56,0,0,0,0.30923420716361,0,0,0.335546407221382,0,0,0,0.588904264872558,0.24664396591433,0,0,0,0,0,0.580740231017918,0,1,0,0.202296379604622,0,0,0.776176699503458,0.0963151490247873,0.05
"57",57,0,0,0,1.12073473101097e-05,0,0,0.0185938954829228,0,0,0,0.508298159452168,0.138829055459058,0,0,0,0,0,0.309714869045878,0,0.0941174816561237,0,0.471916544846884,0.0411664086712538,0,0.771700481470007,0.102679654018814,0.2
"58",58,0,0,0,0.058151159425843,0,0,0.0926994820552442,0,0,0,0.638338381737128,0.676285434170727,0,0,0,0,0,0.610425634850477,0,0.00642560237966872,0,0.371372653531107,0,0,0.792503331859088,0.0664642565766644,0.26
"59",59,0,0,0,0,0,0,0.0147978099438204,0,0,0,0.471739121648432,0.0602141305217428,0,0,0,0,0,0.163841984489813,0,0,0,0.246264452555929,0,0,0.744050170395423,0.0515158785865687,0.42
"60",60,0,0,0,0,0,0,0,0,0,0,0.726659563544467,0.117071648505215,0,0,0,0,0,0.74556994499663,0,0.04346148851659,0,0.440531369805856,0.0168754883765349,0.0178376327103551,0.850093964230893,0.242878780371347,0.32
"61",61,0,0,0,0.0461009599353323,0,0,0.747947336162661,0,0,0,0.858816930988721,0.713161766789387,0,0,0,0,0,0.79481224119335,0,0.042651661195039,0,0.28804547965291,0.0125916192458076,0.0970588443898588,0.928264313446614,0.571696323011616,0.23
"62",62,0,0,0,0.0260309405565121,0,0,0.427158587660163,0,0,0,0.694662477843399,0.565185391956883,0,0,0,0,0,0.330221643939943,0,0,0,0.0538792983359066,0,0.0150340656787051,0.852901116769098,0.226222329474992,0.25
"63",63,0,0,0,0.026066186797686,0,0,0.491170280804434,0,0,0,0.820151482621176,0.638730426048802,0,0,0,0,0,0.772490025693382,0,0.00279056764598433,0,0.0581586730298155,0,0.0761919451407107,0.918946477087122,0.544860258055108,0.27
"64",64,0,0,0,0.325035580644512,0,0,0.467535258210239,0,0,0,0.701228167177043,0.650387989463928,0,0,0,0,0,0.738334160511661,0,0,0,0.0345686006223069,0,0,0.849619788258578,0.165594601839838,0.37
"65",65,0,0,0,0.491238646122214,0,0,0.543494749237055,0,0,0,0.57361552769224,0.283788088794937,0,0,0,0,0,0.633962127849002,0,0.632488382357942,0,0.0371968920186411,0,0,0.776101354727006,0.069190745946893,0.33
"66",66,0,0,0,0.516299813735605,0,0,0.37821319885479,0,0,0,0.714069092008368,0.190689938419289,0,0,0,0,0,0.761235080018908,0,0,0,0.0218842691023831,0,0,0.842089544510099,0.137298309106774,0.39
"67",67,0,0,0,0.521646489600637,0,0,0.515557671963107,0,0,0,0.730057066108449,0.236410340168229,0,0,0,0,0,0.664533767579065,0,0,0,0.0348854129039533,0,0.0478546472941126,0.896454430475773,0.713742764683281,0.32
"68",68,0,0,0,0.475122800348096,0,0,0.802131515019408,0,0,0,0.819425180254542,0.713296981880576,0,0,0,0,0,0.808192824058215,0,0.0669365228398922,0,0.0596078120748136,0,0.0662491906731834,0.907852534715807,0.473241310504067,0.27
"69",69,0,0,0,0.793888134387774,0,0,0.857073407458656,0,0,0,0.819170765742335,0.783768221826409,0,0,0,0,0,0.886780227842803,0,0.0753660062427626,0,0.0675685804681157,0,0.0213355337652856,0.875527090969447,0.204260444810703,0.24
"70",70,0,0,0,0.774939775612479,0,0,0.680951355058651,0,0,0,0.783279892447094,0.228732411335013,0,0,0,0,0,0.814905482049658,0,0.0145866782700171,0,0.0498629340032249,0,0.028864333021014,0.878366979915769,0.350414851552535,0.31
"71",71,0,0,0,0.746401248807152,0,0,0.424311230593221,0,0,0,0.824977344611805,0.694794919630286,0,0,0,0,0,0.835014797350911,0,0.024103219225009,0,0.0526759809863516,0,0.0623172795011837,0.912020603030216,0.471515962311373,0.3
"72",72,0,0,0,0.453392227694491,0,0,0.163488567592289,0,0,0,0.796673825951821,0.653790560482556,0,0,0,0,0,0.675431598381464,0,0.0518309837156355,0,0.0559457997930203,0,0.0911203507813156,0.921483675373714,0.575010934647491,0.25
"73",73,0,0,0,0.713232991299001,0,0,0.0844341210422861,0,0,0,0.801779559540353,0.241633920928889,0,0,0,0,0,0.75084501193863,0,0.0114758989753791,0,0.043495366949265,0,0.0773093460889427,0.908398136669218,0.453146828109995,0.29
"74",74,0,0,0,0.462573834677692,0,0,0.0734230469521705,0,0,0,0.777950651518322,0.154292989187112,0,0,0,0,0,0.712598849162374,0,0.000368038342205379,0,0.263169853737782,0.00164383237203377,0.0705028411158345,0.906608494955655,0.581200742784408,0.32
"75",75,0,0,0,0.603218490296741,0,0,0.0499757199851179,0,0,0,0.431935618126389,0.159727495907582,0,0,0,0,0,0.577481404622898,0,0,0,0.240217811759714,0,0,0.785494452249605,0.108893272683555,0.33
"76",76,0,0,0,0.384684264352177,0,0,0.0472610078531623,0,0,0,0.567256519536768,0.159771302938695,0,0,0,0,0,0.217492233775002,0,0.026946736455236,0,0.269982961518437,0,0,0.789786044404148,0.108835102801192,0.3
"77",77,0,0,0.0774717860649397,0,0,0.0438958898175357,0,0,0,0,0.0588746716899228,0,0,0,0.0125440646333473,0,0,0,0,0.0995881181595509,0,0.358060278333147,0,0,0.356805759669248,0,0.12
"78",78,0,0.450512197011145,0,0,0.231392498694519,0.0273678915199306,0,0,0,0,0.465033573954646,0,0.645019309713661,0,0,0,0,0,0,0.184089023595997,0,0.716255168893085,0.183235295226375,0.307309117462913,0.317565467195901,0,0.21
"79",79,0,0,0,0.0259943912574731,0,0,0.461390784896031,0,0,0,0.694745107060221,0.684183779803143,0,0,0,0,0,0.724365505792887,0,0,0,0.24885293514867,0,0,0.838719841670222,0.122113823065564,0.36
"80",80,0,0,0,0,0,0,0,0,0,0,0.111354790126194,0,0,0,0,0,0,0.130288424206517,0,0,0,0.231115358811724,0,0,0.603936999596729,0,0.37
"81",81,0,0,0,0.0623798651549932,0,0,0.880468568586747,0,0,0,0.775598016121371,0.688691727890156,0,0,0,0,0,0.80212468898284,0,0.0110779510471354,0,0.0882252864871607,0,0.0261503291545335,0.875663018863954,0.257208440207227,0.25
"82",82,0,0,0,0.0209820870537482,0,0,0.671972365764565,0,0,0,0.760641416264779,0.166193107983776,0,0,0,0,0,0.701778212843519,0,0,0,0.0464694164650161,0,0.0191427199918957,0.870399482756193,0.249426698918811,0.36
"83",83,0,0,0,0.0138137982901577,0,0,0.657061077230925,0,0,0,0.62766759157396,0.642633470997491,0,0,0,0,0,0.679911476260597,0,0,0,0.04366112964676,0,0,0.776388463799019,0.0528366786150823,0.35
"84",84,0,0,0,0.340656808978071,0,0,0.747349522782663,0,0,0,0.70149309074793,0.197062499234359,0,0,0,0,0,0.711202041414384,0,0,0,0.0146012395381013,0,0,0.829363051992747,0.167425039752445,0.35
"85",85,0,0,0,0.04924877413502,0,0,0.504956209215536,0,0,0,0.553318496168944,0.28975944215754,0,0,0,0,0,0.586659374414661,0,0,0,0.0743334018020175,0,0.00917483137128013,0.852563374132215,0.675936182300639,0.27
"86",86,0,0,0,0.373587356147857,0,0,0.669452514621975,0,0,0,0.651984751296418,0.642179208010246,0,0,0,0,0,0.414095171875123,0,0.0208964987046404,0,0.0778231146980872,0,0,0.828811694906279,0.167407203845656,0.23
"87",87,0,0,0,0.528477244338265,0,0.692411168299035,0.43535604095728,0,0,0,0.624709539562024,0.290093157078491,0,0,0,0,0,0.664845243602105,0,0.0258055526854726,0,0.115872627613409,0,0,0.803350689377419,0.131204851724367,0.38
"88",88,0,0,0,0.627415926206523,0,0,0.681422373981157,0,0,0,0.621910071608874,0.225612763293267,0,0,0,0,0,0.430054165424786,0,0,0,0.0352128311906677,0,0,0.785745668736985,0.0824107280097625,0.29
"89",89,0,0,0,0.335551182451364,0,0,0.76264211757819,0,0,0,0.680253215475258,0.730700062231352,0,0,0,0,0,0.75123256220511,0,0,0,0.290795481153977,0,0,0.819969433001047,0.121889908287661,0.31
"90",90,0,0,0,0.614435667675062,0,0,0.634437079510238,0,0,0,0.728667016151866,0.664650361223004,0,0,0,0,0,0.737569627580749,0,0,0,0.032336205459394,0,0,0.837448027658206,0.121028278811437,0.39
"91",91,0,0,0,0.76953833588326,0,0,0.409399949908338,0,0,0,0.652524831187017,0.206248023460395,0,0,0,0,0,0.736682107217859,0,0,0,0.0415337608248386,0,0,0.815292086866866,0.0964987831322467,0.38
"92",92,0,0,0,0.681933625255908,0,0,0.0957038120893778,0,0,0,0.67138140071592,0.625602876567482,0,0,0,0,0,0.719938790329102,0,0.00506523901299381,0,0.0535634893273855,0,0,0.827120326539313,0.110619154040884,0.37
"93",93,0,0,0,0.335046125371265,0,0,0.0492355564484404,0,0,0,0.72857587490515,0.168983752506467,0,0,0,0,0,0.697743626908163,0,0,0,0.0310158467955537,0,0.00355354251964082,0.853224681960289,0.163080175497917,0.37
"94",94,0,0,0,0.346865131236791,0,0,0.0313909523582193,0,0,0,0.700072767659143,0.176640800975307,0,0,0,0,0,0.262490392995945,0,0.00430293028853281,0,0.0429355889945721,0,0.0212770455542602,0.866501057780575,0.382899600156273,0.24
"95",95,0,0,0,0.0388129132727039,0,0,0.0473578532760812,0,0,0,0.722527697679966,0.366963277539141,0,0,0,0,0,0.363148122304794,0,0.0223278620436896,0,0.294400567839526,0.00281383473263514,0.0748109716463228,0.888920144186138,0.422337007339821,0.32
"96",96,0,0,0,0.585069956261035,0,0,0.051114987642091,0,0,0,0.45591774257136,0.087533725055691,0,0,0,0,0,0.254724376438707,0,0.00675338736396678,0,0.0336697536668617,0,0,0.729831255506154,0.0191486717791519,0.29
"97",97,0,0,0,0,0,0,0.0170117020391432,0,0,0,0.61903277846335,0.0981202765529344,0,0,0,0,0,0.123633622763933,0,0,0,0.0202966876142813,0,0,0.812112287261885,0.148934082934446,0.36
"98",98,0,0,0,0.0732285091658125,0,0,0.128564653987829,0,0,0,0.535711573961864,0.153336763800694,0,0,0,0,0,0.503809333439768,0,0.627022458687218,0,0.0564764829561106,0,0,0.770888305043751,0.0720670618214072,0.33
"99",99,0,0,0,0,0,0,0.0256910750275762,0,0,0,0.660394272574669,0.0886616695718044,0,0,0,0,0,0.565245238663592,0,0,0,0.00779501272619299,0,0,0.827849650730874,0.113607278355669,0.47
"100",100,0,0,0,0.0157937238859047,0,0,0.0575897348672364,0,0,0,0.676171392410964,0.648118807122783,0,0,0,0,0,0.685131761884045,0,0.0227381824705512,0,0.0714298765357183,0,0.0122468683977214,0.865318620061614,0.224844966543307,0.37
"101",101,0,0,0,0.0835237644653709,0,0,0.927685479094994,0,0,0,0.505669900019974,0.260935930233447,0,0,0,0,0,0.702122446946438,0,0,0,0.315022184040101,0,0,0.612700388732632,0,0.19
"102",102,0,0,0,0.0528160878011976,0,0,0.939741993018123,0,0,0,0.570382791211736,0.228979428303145,0,0,0,0,0,0.717223994343832,0,0,0,0.0598012819661191,0,0,0.734790394933741,0.02735015903659,0.25
"103",103,0,0,0,0.0516312439579447,0,0,0.666267648033453,0,0,0,0.493386073552736,0.242492620003696,0,0,0,0,0,0.585861688948462,0,0,0,0.0637933441025246,0,0,0.565458681019752,0,0.26
"104",104,0,0,0,0.0142869999835892,0,0,0.371422921913075,0,0,0,0.683791269344343,0.180374064035719,0,0,0,0,0,0.735148825709575,0,0,0,0.0369001484683432,0,0,0.818298294745653,0.108976493158646,0.42
"105",105,0,0,0,0.361916515556716,0,0,0.402654090549466,0,0,0,0.53715648408686,0.146612222103045,0,0,0,0,0,0.205961245771595,0,0.00761395035396347,0,0.014750062897928,0,0,0.772454287124634,0.0688005024463731,0.3
"106",106,0,0,0,0.624826437655573,0,0,0.403098244596063,0,0,0,0.7136830816515,0.596610894384901,0,0,0,0,0,0.465628164797625,0,0.0171984556667214,0,0.0955363705178805,0,0,0.848186370106857,0.176845262293459,0.27
"107",107,0,0,0,0.576147729252532,0,0,0.611220988247018,0,0,0,0.523351714104361,0.14037903097651,0,0,0,0,0,0.71904063742894,0,0,0,0.00805354002479565,0,0,0.781742502962146,0.090573746462056,0.42
"108",108,0,0,0,0.618268176157109,0,0,0.901899981918884,0,0,0,0.680266402568281,0.253859273545034,0,0,0,0,0,0.772925519720568,0,0,0,0.0442512237730555,0,0,0.807706867367743,0.100540721094571,0.32
"109",109,0,0,0,0.382149896190262,0,0,0.792143878645123,0,0,0,0.527316540844293,0.664333054524391,0,0,0,0,0,0.757644489746103,0,0,0,0.0437001922686756,0,0,0.763554031633944,0.0417089657866253,0.31
"110",110,0,0,0,0.732400078680356,0,0,0.782701931386157,0,0,0,0.554656056949566,0.620512416182494,0,0,0,0,0,0.786789490089301,0,0.0399014705551684,0,0.0487025920351823,0,0,0.727520954298998,0.00574694900145527,0.25
"111",111,0,0,0,0.556359158667887,0,0,0.369199787167801,0,0,0,0.627231957046279,0.14432340098283,0,0,0,0,0,0.646944410926878,0,0,0,0.23012156108362,0,0,0.802254196853655,0.0936883986232893,0.44
"112",112,0,0,0,0.382956767322986,0,0,0.0861641187327371,0,0,0,0.5097885026982,0.551899496685382,0,0,0,0,0,0.687084341640119,0,0,0,0.0431048615356492,0,0,0.762998150395099,0.0366188542103931,0.34
"113",113,0,0,0,0.605622664697702,0,0,0.0428428524179381,0,0,0,0.687296857832671,0.0982988294646837,0,0,0,0,0,0.464644251422554,0,0,0,0.0539869856361509,0,0,0.839184433503052,0.164408084953395,0.34
"114",114,0,0,0,0.325187842260797,0,0,0.0412178260770434,0,0,0,0.548242587465605,0.0971302814724392,0,0,0,0,0,0.541056809271134,0,0,0,0.225606379042065,0,0,0.797636065771691,0.112316984085423,0.47
"115",115,0,0,0,0.605150130078151,0,0,0.0775777874317106,0,0,0,0.561851501146745,0.0852481382950238,0,0,0,0,0,0.686321133586004,0,0,0,0.0162096204841597,0,0,0.750497849752016,0.0179001877513889,0.42
"116",116,0,0,0,0.299229076454873,0,0,0.0292229309738866,0,0,0,0.417719543005231,0.0525677608642288,0,0,0,0,0,0.172942101768323,0,0,0,0.00793817332323173,0,0,0.721761609956671,0.00704404799662715,0.38
"117",117,0,0,0,0,0,0,0,0,0,0,0.383761970062197,0,0,0,0,0,0,0.0771073007034933,0,0,0,0,0,0,0.65384904274476,0,0.51
"118",118,0,0,0,0.0203196603317395,0,0,0.0605122360637344,0,0,0,0.500540232291496,0.0889937244718953,0,0,0,0,0,0.416265211960432,0,0,0,0.0502746120045853,0,0,0.826576287534209,0.630301764503853,0.31
"119",119,0,0,0,0,0,0,0.0182843999581762,0,0,0,0.425781459939239,0.00457735612120847,0,0,0,0,0,0.374718113055453,0,0,0,0,0,0,0.727262754870537,0.00411688500142274,0.6
"120",120,0,0,0,0.0336926773426875,0,0,0.102608230543391,0,0,0,0.792230147388551,0.258909522005145,0,0,0,0,0,0.65736223895511,0,0.0185734748902191,0,0.0774254203338154,0,0.0920874968347875,0.92292493253079,0.726195101203773,0.27
"121",121,0,0,0,0.0538874007446865,0,0,0.960978062088347,0,0,0,0.824843021749305,0.489279199331384,0,0,0,0,0,0.874284376884389,0,0.0556249073890372,0,0.521259342948118,0.0602109558281665,0.00527669740757161,0.822774586310468,0.183605586753609,0.18
"122",122,0,0,0,0.0121045411997747,0,0,0.665128061058689,0,0,0,0.559815137775485,0.106426071915943,0,0,0,0,0,0.618619983428515,0,0,0,0.242894857031131,0,0,0.761317122136152,0.0629025474289604,0.35
"123",123,0,0,0,0.0234279605998525,0,0,0.359515297326308,0,0,0,0.37800944759578,0.154912319146854,0,0,0,0,0,0.589179189832796,0,0,0,0.241933325278099,0,0,0.781280517814941,0.118466030235847,0.37
"124",124,0,0,0,0.0336821666071346,0,0,0.486910780228269,0,0,0,0.445376539507006,0.226619055895335,0,0,0,0,0,0.206881272551684,0,0,0,0.271984621128686,0,0,0.71133896163877,0,0.29
"125",125,0,0,0,0.0112577810300909,0,0,0.694108697169173,0,0,0,0.57710122341956,0.155498246967185,0,0,0,0,0,0.339545283998432,0,0,0,0.0248523715469224,0,0,0.774938579145937,0.0712200898881293,0.31
"126",126,0,0,0,0.563237467199695,0,0,0.356121109812843,0,0,0,0.480781736708459,0.106616589275765,0,0,0,0,0,0.491768214046061,0,0,0,0.00905415932797558,0,0,0.763886440636697,0.0568097895984823,0.44
"127",127,0,0,0,0.435138617708441,0,0,0.531068201881636,0,0,0,0.420320899529601,0.129238163850526,0,0,0,0,0,0.258798179769692,0,0,0,0.0375436210559323,0,0,0.601702373643588,0,0.22
"128",128,0,0,0,0.465713782146614,0,0,0.812874753682972,0,0,0,0.503047353488861,0.152662269718464,0,0,0,0,0,0.655612520389334,0,0,0,0.0610762316819816,0,0,0.633085609617459,0,0.27
"129",129,0,0,0,0.566125098437554,0,0,0.690137651411156,0,0,0,0.216044055663766,0.255334205850763,0,0,0,0,0,0.647880483146051,0,0,0,0.024955273655951,0,0,0.727747541818388,0.0102123395641271,0.28
"130",130,0,0,0,0.34032714582837,0,0,0.477619786705929,0,0,0,0.134724499171128,0.0699405390031654,0,0,0,0,0,0.585337678515077,0,0,0,0.0061343519000423,0,0,0.63778355325337,0,0.34
"131",131,0,0,0,0.628813673765683,0,0,0.422943688791827,0,0,0,0.510210499244091,0.654673506331367,0,0,0,0,0,0.700231818359907,0,0,0,0.0431084651210758,0,0,0.756427861940833,0.0482755512986776,0.34
"132",132,0,0,0,0.622810638442271,0,0,0.43601534768125,0,0,0,0.466511063449955,0.220077829759752,0,0,0,0,0,0.647061665412525,0,0.039280172963742,0,0.0512948075177631,0,0,0.599618918997476,0,0.24
"133",133,0,0,0,0.493531402875786,0,0,0.116482116331108,0,0,0,0.561889594861867,0.197458910682983,0,0,0,0,0,0.621531639139807,0,0,0,0.0393178088067207,0,0.000796992623967363,0.847743470480821,0.656114596278516,0.31
"134",134,0,0,0,0.313738409379245,0,0,0.403027415620262,0,0,0,0.663405019402282,0.154622136297304,0,0,0,0,0,0.528042950550351,0,0,0,0.0148932567243856,0,0.00556943025629763,0.841126478685131,0.191634649752788,0.4
"135",135,0,0,0,0.334830970072356,0,0,0.0308434443219328,0,0,0,0.498164095674985,0.0450422805047136,0,0,0,0,0,0.497005971418899,0,0,0,0,0,0,0.767946718041662,0.0492336911914452,0.51
"136",136,0,0,0,0.0147543666608842,0,0,0.0457675776687072,0,0,0,0.488632111534259,0.568524403401085,0,0,0,0,0,0.363086707859232,0,0,0,0.0617962553711338,0,0,0.776616824222729,0.0635853466818773,0.36
"137",137,0,0,0,0,0,0,0.00950778716875637,0,0,0,0.377622888384349,0.0101050642825999,0,0,0,0,0,0.414447585153907,0,0,0,0,0,0,0.582372854574574,0,0.4
"138",138,0,0,0,0.100850930702713,0,0.705538212981677,0.178013389790538,0,0,0,0.499936037820174,0.162583746185701,0,0,0,0,0,0.495856941476453,0,0.0281406477605483,0,0.113724818613109,0,0,0.754374314206267,0.0643756029590044,0.37
"139",139,0,0,0.424475660499109,0.102029212731043,0,0,0.119582626329407,0,0,0,0.662460144086111,0.247914656748652,0,0,0,0,0,0.611943475115692,0,0.0953810561050149,0,0.354129017326441,0.0206502197691679,0.00852823665793691,0.826159433094777,0.227841495866948,0.15
"140",140,0,0,0.357286530311097,0.134488960946791,0,0,0.606384307283654,0,0,0,0.583992138477555,0.263632237546586,0,0,0,0,0,0.629598226633538,0,0.0200900035301805,0,0.102559885699013,0,0,0.77625827535036,0.086148292759326,0.2
"141",141,0,0,0,0.110061453871238,0,0,0.56174441231853,0,0,0,0.634537346765127,0.361239405943596,0,0,0,0,0,0.612225067541382,0,0.69176975764798,0,0.228000389638616,0,0,0.790346516987938,0.0914676986400198,0.27
"142",142,0,0,0,0.0370167822505802,0,0,0.408419191407926,0,0,0,0.563144325345341,0.193821880247306,0,0,0,0,0,0.64436436743578,0,0,0,0.279600838881026,0,0,0.637663470395546,0,0.28
"143",143,0,0,0,0.0143360176004002,0,0,0.354275297221341,0,0,0,0.666865517419203,0.116944653959363,0,0,0,0,0,0.462341410151899,0,0,0,0.234674482783376,0,0,0.815932036975012,0.114164696503839,0.36
"144",144,0,0,0,0.060347180348667,0,0,0.64950132345081,0,0,0,0.712225851740199,0.527121492011162,0,0,0,0,0,0.378123704631776,0,0.0258300384414688,0,0.350632185154188,0,0.0175668233021178,0.853691752976959,0.239515021110482,0.24
"145",145,0,0,0,0.0200597804811163,0,0,0.689761597431551,0,0,0,0.229111019599529,0.0902688550709532,0,0,0,0,0,0.27739728392625,0,0,0,0.0180487600852392,0,0,0.626085265590168,0,0.28
"146",146,0,0,0,0.402894582151034,0,0,0.412621431290854,0,0,0,0.154356433790831,0.108094517876599,0,0,0,0,0,0.281554327387487,0,0.000587219955829547,0,0.0246127195100325,0,0,0.707420900470563,0,0.28
"147",147,0,0,0,0.351815755214644,0,0,0.449951980668851,0,0,0,0.586059606454468,0.151064215020651,0,0,0,0,0,0.653535289634673,0,0,0,0.0177065059784137,0,0,0.687252492463755,0,0.38
"148",148,0,0,0,0.307558106773854,0,0,0.634709647571801,0,0,0,0.410820961719734,0.109740102088429,0,0,0,0,0,0.496543047201135,0,0,0,0.00603485355758224,0,0,0.754686766045536,0.057121920007154,0.38
"149",149,0,0,0,0.318170310094541,0,0,0.357553806123413,0,0,0,0.426941826652894,0.0513264592466641,0,0,0,0,0,0.457538421563442,0,0,0,0.204867423430468,0,0,0.722375024395939,0.0287040024350796,0.35
"150",150,0,0,0,0.415020499925083,0,0,0.523925631727852,0,0,0,0.374070644963159,0.187989433657932,0,0,0,0,0,0.5415959758394,0,0.0121632490309358,0,0.282151057376358,0,0,0.530125348573683,0,0.18
"151",151,0,0,0,0.612127297121272,0,0,0.432809477604861,0,0,0,0.268848245032151,0.177083752185858,0,0,0,0,0,0.636585868022038,0,0,0,0.23559761015811,0,0,0.725655771589532,0.0262388916859273,0.28
"152",152,0,0,0,0.585026288848905,0,0,0.104598810767054,0,0,0,0.219535949620399,0.210248836931812,0,0,0,0,0,0.592901852060933,0,0,0,0.0220291865321977,0,0,0.72148735077693,0.0108682009350731,0.35
"153",153,0,0,0,0.438656173771977,0,0,0.0807770192423594,0,0,0,0.541554659617753,0.588999929725003,0,0,0,0,0,0.393551673488733,0,0.0172937651351725,0,0.0335293736192461,0,0,0.802456290075998,0.113962747424565,0.3
"154",154,0,0,0,0.330626187283551,0,0,0.32966067687563,0,0,0,0.356705391538033,0.130210981135272,0,0,0,0,0,0.648179454945852,0,0,0,0.0126308327634728,0,0,0.786017793356197,0.159884509997541,0.38
"155",155,0,0,0,0,0,0,0.00405919688514522,0,0,0,0.298618365281503,0.139536392073196,0,0,0,0,0,0.632938025549979,0,0.000767841083026552,0,0.0399502123082839,0,0,0.798849011909205,0.107992751193557,0.36
"156",156,0,0,0,0.0361710289680652,0,0,0.34826631987769,0,0,0,0.490921993186972,0.561537911889954,0,0,0,0,0,0.598850801165132,0,0,0,0.0287631491290315,0,0,0.721633869810765,0.000183729093129812,0.38
"157",157,0,0,0,0.0143363312875288,0,0,0.0684253701382518,0,0,0,0.517454934271735,0.0932201558121595,0,0,0,0,0,0.663969696780028,0,0,0,0.0321959754382956,0,0,0.687471278836849,0,0.41
"158",158,0,0,0.343790480213706,0.0478882276184707,0,0,0.0851778280752508,0,0,0,0.346872874443338,0.0457747815030616,0,0,0,0,0,0.333780019947914,0,0,0,0.0582137833574339,0,0,0.686626114682969,0,0.27
"159",159,0,0,0.307249451320726,0.513921711719487,0,0,0.206376537370568,0,0,0,0.591573167991501,0.255418098175324,0,0,0,0,0,0.61637537264994,0,0.0125827610888652,0,0.0891298406066932,0,0,0.801236679234653,0.143893822588358,0.26
"160",160,0,0,0.401189816707261,0.611791698111219,0,0,0.63350724692624,0,0,0,0.724046427354685,0.461244541039233,0,0,0,0,0,0.766503017309891,0,0.0675054529361034,0,0.253542434883512,0,0.00103846486102623,0.837254762440684,0.205389680797491,0.18
"161",161,0.435233419209113,0,0,0.654445451991832,0,0,0.682591080176323,0,0,0,0.755051708005736,0.52803222613027,0,0,0,0,0,0.806724679849717,0,0.037361146594777,0,0.300021641991119,0.00336885786280272,0.0159674362724383,0.855201184827421,0.263075373881658,0.24
"162",162,0.36334990511919,0,0,0.514755696640455,0,0,0.566488551891644,0,0,0,0.53505356435863,0.268768205121047,0,0,0,0,0,0.655518589185081,0,0.0193713361474287,0,0.104659263353672,0,0,0.766878151877941,0.0720513520057857,0.31
"163",163,0.525655917930995,0,0,0.134951351225928,0,0,0.622618951642183,0,0,0,0.746483560268535,0.438627270522825,0,0,0,0,0,0.755656191194927,0,0.0355708650494646,0,0.326252334724762,0.00867041221951073,0.0203674307324709,0.848076445963143,0.268009495140098,0.2
"164",164,0.385451918312783,0,0,0,0,0,0.0260482330191624,0,0,0,0.388754993588143,0.0174557626891042,0,0,0,0,0,0.156462130326588,0,0,0,0.0548093337152383,0,0,0.711792304491586,0.0270443393555388,0.27
"165",165,0,0,0,0.00399040427482831,0,0,0.373206850498226,0,0,0,0.563686963466241,0.0486901305549073,0,0,0,0,0,0.453357193332839,0,0,0,0,0,0,0.780326581230491,0.0664320429619626,0.45
"166",166,0,0,0,0.0152162248561753,0,0,0.371819867355112,0,0,0,0.417259072587294,0.0308560466463276,0,0,0,0,0,0.403640323503792,0,0,0,0.00946252752042183,0,0,0.619469190969408,0,0.43
"167",167,0,0,0,0.0349779482347022,0,0,0.617530687120572,0,0,0,0.266009077756367,0.584129626075195,0,0,0,0,0,0.588327588866414,0,0,0,0.0611902593004045,0,0,0.747275008496989,0.0290076476716027,0.28
"168",168,0,0,0,0.374309285688992,0,0,0.464802363043452,0,0,0,0.270188243457859,0.623535475241819,0,0,0,0,0,0.629226995979759,0,0,0,0.0340864308981998,0,0,0.70355860310321,0,0.27
"169",169,0,0,0,0.375131640398545,0,0,0.679813065396969,0,0,0,0.195628784532139,0.345864845197385,0,0,0,0,0,0.62213554192339,0,0,0,0.27059926885497,0,0,0.703011646352855,0,0.22
"170",170,0,0,0,0.397207972481565,0,0,0.77545107840737,0,0,0,0.596201663099628,0.233348435820837,0,0,0,0,0,0.392652779683929,0,0.0468224634363734,0,0.261963688326894,0,0,0.756093297587043,0.0321436258529782,0.23
"171",171,0,0,0,0.474720118753914,0,0,0.139588223551078,0,0,0,0.104023366614382,0.125049721418902,0,0,0,0,0,0.563696004429856,0,0,0,0.0544467921071158,0,0,0.499315805938885,0,0.22
"172",172,0,0,0,0.340181089255833,0,0,0.0463441169933793,0,0,0,0.113623342218027,0.0208074243680254,0,0,0,0,0,0.163663746645378,0,0,0,0.000135076043433856,0,0,0.585169025756851,0,0.3
"173",173,0,0,0,0.319790999669566,0,0,0.0603448849199481,0,0,0,0.145772884137324,0.0662493457464222,0,0,0,0,0,0.442662423208394,0,0,0,0.00604235178096192,0,0,0.715537315927873,0.0126721265266851,0.42
"174",174,0,0,0,0,0,0,0,0,0,0,0.351501375367526,0.636068380471955,0,0,0,0,0,0.681763086774483,0,0.0749934528656281,0,0.294920469900259,0,0.00111292874399978,0.830587504680409,0.190831237784069,0.25
"175",175,0,0,0,0.0196611185122973,0,0,0.590858781794873,0,0,0,0.470015971255431,0.0807468666331441,0,0,0,0,0,0.677239127130736,0,0,0,0.00509364648983227,0,0,0.733229676012729,0.00887221351011195,0.42
"176",176,0,0,0,0.0102637474875191,0,0,0.0758166009781544,0,0,0,0.133888184764229,0.573800982143221,0,0,0,0,0,0.537203029327744,0,0,0,0.0398731936849237,0,0,0.70340211198637,0,0.28
"177",177,0,0,0,0,0,0,0.00635561941333313,0,0,0,0.189682823143284,0.0603200285511483,0,0,0,0,0,0.427426654394163,0,0,0,0.225660308177595,0,0,0.72497059858682,0.0246400790209181,0.41
"178",178,0.15972066436083,0,0,0,0,0,0,0,0,0,0.21389695379562,0,0,0.0153844200881419,0.570109528612655,0,0,0,0,0.0697646532716595,0.139490682537214,0.449701314651292,0.0567992347857165,0,0.743295000531871,0.0614797854591068,0.14
"179",179,0,0.224200962615514,0.868553316541948,0.048292148195569,0,0,0,0,0,0,0.497076737725499,0,0.625646813388612,0,0,0,0,0,0,0.145971770020978,0,0.595555592724574,0.092208272956581,0,0.580916736387588,0,0.2
"180",180,0,0.253174402541795,0.863098218648439,0.411049371556743,0,0,0.319954341656995,0,0,0,0.765679874183853,0.233417530406018,0,0,0,0,0,0.611632715450725,0,0.0856852577818822,0,0.152391619066793,0,0,0.790695135269597,0.142844026176,0.13
"181",181,0.695444225692143,0,0,0.595607585987825,0,0,0.637407864394801,0,0,0,0.644677134486752,0.370860328115386,0,0,0,0,0,0.727862269201184,0,0.00874844938628496,0,0.0652422982840156,0,0,0.807203909734148,0.141645081544632,0.23
"182",182,0.897832354287257,0,0,0.112551261804147,0,0,0.610651661590885,0,0,0,0.628860178455018,0.318969935309936,0,0,0,0,0,0.669223925088056,0,0.0116859332877809,0,0.140406485534459,0,0,0.798460500587472,0.15689707345492,0.18
"183",183,0.414921308406456,0,0,0.060380178700322,0,0,0.0698600445376276,0,0,0,0.576061725174311,0.249199126588253,0,0,0,0,0,0.616936145198735,0,0.0313092743623618,0,0.355594830900684,0.0055157351306862,0,0.796473282349411,0.165403961107562,0.26
"184",184,0.344141172910323,0,0,0.0877520572072865,0,0,0.151675274726938,0,0,0,0.633533235752879,0.22589504846442,0,0,0,0,0,0.582694567293467,0,0.00121314396451035,0,0.0664905428651096,0,0,0.828123834405355,0.215663035053172,0.3
"185",185,0.42101689037458,0,0,0.0598816568565615,0,0,0.589826183759782,0,0,0,0.559030371153481,0.281613117350103,0,0,0,0,0,0.618927895822585,0,0,0,0.0601178875865771,0,0,0.773905585572547,0.0904622250401886,0.28
"186",186,0,0,0,0.00707163956072352,0,0,0.402761357821819,0,0,0,0.188775687763017,0.0777292473612964,0,0,0,0,0,0.503645069073032,0,0,0,0.00264732181187061,0,0,0.72418113443064,0.0129028465160343,0.49
"187",187,0,0,0,0.0110749764771854,0,0,0.451555241796248,0,0,0,0.0973774646132653,0.146750308550688,0,0,0,0,0,0.540978326970922,0,0,0,0,0,0,0.532881683032928,0,0.32
"188",188,0,0,0,0.0629905461262122,0,0,0.811464220553237,0,0,0,0.148453440855317,0.232435655701204,0,0,0,0,0,0.661228775734097,0,0,0,0.0371541119112912,0,0,0.644518905801668,0,0.23
"189",189,0,0,0,0.547299226590158,0,0,0.747657117256638,0,0,0,0.142573041845708,0.371061360927806,0,0,0,0,0,0.670350041150484,0,0,0,0.0685037185267789,0,0,0.489322557256596,0,0.16
"190",190,0,0,0,0.393098465149296,0,0,0.524685894841247,0,0,0,0.0537589387576874,0.123522949184734,0,0,0,0,0,0.408910860514057,0,0,0,0.0111355519538966,0,0,0.418229399301516,0,0.17
"191",191,0,0,0,0.534145209936277,0,0,0.588645527841066,0,0,0,0.313951691793396,0.239714600222205,0,0,0,0,0,0.677605748473185,0,0,0,0.118618451276376,0,0,0.174238856471169,0,0.05
"192",192,0,0,0,0.385853698748191,0,0,0.0940783022167447,0,0,0,0.434209606227296,0.0700035525508147,0,0,0,0,0,0.501538268590896,0,0,0,0.0151922512469286,0,0,0.619462865544944,0,0.38
"193",193,0,0,0,0.0249396490017932,0,0,0.0762017390827566,0,0,0,0.111688435938899,0.0275752539786939,0,0,0,0,0,0.611121554299128,0,0,0,0.0307022151324607,0,0,0.627599217802962,0,0.34
"194",194,0,0,0,0,0,0,0.00296605713265835,0,0,0,0.0996771024625354,0,0,0,0,0,0,0.346572611586416,0,0,0,0,0,0,0.666735676166254,0,0.51
"195",195,0,0.889855816000219,0.00596055614020001,0,0.353069916293074,0.111378828792194,0,0,0,0,0.682683362551831,0,0.847256622628184,0,0,0,0,0,0,0.255941820695698,0,0.821272915183331,0.315929619982179,0.924208559625676,0.293323271744201,0,0.22
"196",196,0,0,0,0,0,0,0.0454742835094131,0,0,0,0.804718220598411,0.701153190185398,0,0,0,0,0,0.789265375011375,0,0.0953137083697188,0,0.347324993114511,0.0324367595667827,0.105545380302077,0.93172725892603,0.546171143056744,0.25
"197",197,0,0,0,0,0,0,0.0238316647255878,0,0,0,0.288950714580055,0.0917779692573776,0,0,0,0,0,0.536280057752132,0,0,0,0.262737963139891,0,0,0.524396357301629,0,0.24
"198",198,0.522672430463273,0,0,0,0,0.0230082222444877,0,0,0,0.00188475192703536,0.0206532135921795,0,0,0,0,0,0,0,0,1,0,0.196388779332439,0,0,0,0,0.03
"199",199,0,0.00363717062491117,0.52222373663421,0.0102287839978209,0.0153370192663408,0,0,0.868588535686628,0,0.605571810727247,0,0,0,0,0,0,0,0,0.347598810778971,0.0172690500909396,0,0.110773849173262,0,0,0,0,0.18
"200",200,0,0.574502521746705,0.838078320227141,0.742023947628736,0.190507312674887,0.149910591565343,0,0,0,0.58615695432592,0.242158898194286,0,0.026339279222976,0,0,0,0,0,0.428139560409702,0.144654055583679,0,0.522555913755062,0.0655331950869092,0,0,0,0.15
"201",201,0.866430140788961,0,0,0.657816451749153,0,0,0.533685972998117,0,0,0,0.76592163805246,0.511012344616008,0,0,0,0,0,0.810673187753519,0,0.0633066337066972,0,0.341233589722183,0.017249825510243,0.0348025628750381,0.862490741568349,0.301698614883087,0.16
"202",202,0.500721895875,0,0,0.572956268975371,0,0,0.165762295139334,0,0,0,0.701120404715322,0.345309920710268,0,0,0,0,0,0.698101211877339,0,0.0678598405075382,0,0.334697799266344,0.00981109921350883,0.0227657451553591,0.849066689114193,0.273938354699999,0.26
"203",203,0.422627811430533,0,0,0.615504137273858,0,0,0.223538838126898,0,0,0,0.718334039635057,0.388777778903863,0,0,0,0,0,0.716079808749827,0,0.0113489345818554,0,0.0618740078558955,0,0.0127038643269972,0.86012764801692,0.272655266789684,0.26
"204",204,0.579818770010727,0,0,0,0,0,0,0,0,0,0.320874866127595,0,0,0.214093640375221,0.479136038320059,0,0,0,0,0.189902302888605,0.731962929436918,0.429105098653335,0.170577920919935,0.00854733433351782,0.78671499154137,0.121798172222423,0.16
"205",205,0.687955078395976,0,0,0,0,0,0,0,0,0,0.0850864854644846,0,0,0,0.122962255767974,0,0,0,0,0.157922665731296,0,0.397023152390575,0.0167465620764337,0.0327907121287864,0.643286664469653,0,0.17
"206",206,0.395483010420928,0,0,0.0431806276123479,0,0,0.166277951636796,0,0,0,0.202225178761108,0.0924745796067179,0,0,0,0,0,0.495115277082474,0,0,0,0.0422073250053045,0,0,0.652868930263243,0,0.29
"207",207,0,0,0,0,0,0,0.35999885631719,0,0,0,0.0989954332235091,0.0130432803357833,0,0,0,0,0,0.160310611421225,0,0,0,0,0,0,0.61398162194316,0,0.4
"208",208,0,0,0,0,0,0,0.445317648069098,0,0,0,0.0708113394583424,0.00984082151986436,0,0,0,0,0,0.183336036047579,0,0,0,0.00391417187077317,0,0,0.418546706324596,0,0.22
"209",209,0,0,0,0.037876216766968,0,0,0.812770701214961,0,0,0,0.141761208948502,0.125660113323118,0,0,0,0,0,0.556333418734182,0,0,0,0.0630690632452787,0,0,0.407666129442854,0,0.15
"210",210,0,0,0,0.422700717941191,0,0,0.108916841776071,0,0,0,0.0250821290247707,0,0,0,0,0,0,0.235477475689417,0,0,0,0,0,0,0.301887959770628,0,0.11
"211",211,0,0,0,0,0,0,0.0752133232190329,0,0,0,0.0742841240506559,0.0136264613070188,0,0,0,0,0,0.466735188573974,0,0,0,0.00845750051266845,0,0,0.364483666450898,0,0.2
"212",212,0,0,0,0,0,0,0.00314998466111845,0,0,0,0.0230758054234498,0,0,0,0,0,0,0.347143594572934,0,0,0,0,0,0,0.520463774371956,0,0.4
"213",213,0,0,0,0,0,0,0,0,0,0,0.340772151153326,0,0,0,0,0,0,0.0773871395144498,0,0,0,0,0,0,0.491832973976096,0,0.3
"214",214,0,0,0,0.00303510913325534,0,0,0.0490158516325951,0,0,0,0.206075631402218,0.000318007284965284,0,0,0,0,0,0.21231141591531,0,0.614185084818984,0,0.0326281054246744,0,0,0.639892482251842,0,0.26
"215",215,0,0,0.00904600832821644,0,0,1,0,0,0,0,0.042592524726343,0,0,0,0,0,0,0,0,0.162660778654121,0,0.448207170755146,0.0315910713799259,0,0.0437430163055802,0,0.07
"216",216,0,0,0,0.0385711093058399,0,0,0.467309246948494,0,0,0,0.130103179958822,0.170196189975408,0,0,0,0,0,0.504858668878191,0,0,0,0.249623570920339,0,0,0.624036721379714,0,0.29
"217",217,0,0.147336805968258,0,0,0.100342858089532,0.0134897693820082,0,0,0,0,0.674429714635175,0,0.941631206455876,0.0608967524522185,0,0,0,0,0,0.331996035175395,0,0.868219432610233,0.367277285569069,0.828711482176651,0.110529044071071,0,0.19
"218",218,0,0.10902978388327,0,0,0.118932980661649,0,0,0.879511570995447,0,0,0.709281547330317,0,0.594264469547376,0,0,0,0,0,0.809302361962314,0.0570656149893129,0,0.229637209006439,0,0.102480347671517,0.0164135266431992,0,0.19
"219",219,0,0.346239439826035,0.709038168081514,0.0698434911187711,0.114652512270894,0,0,1,0,0.719567512247789,0.0433770488949437,0,0,0,0,0,0,0,0.436493272541547,0.14534102347134,0,0.472428575444997,0.0150797464624082,0,0,0,0.12
"220",220,0,0.202370325541126,0.710484088458684,0.932076548322732,0.101690003698216,0,0,1,0.00169793040087419,0.754996391864723,0,0,0,0,0,0,0,0,0.428827840734829,0.146900537196645,0,0.465571407604751,0.00844928028767422,0,0,0,0.28
"221",221,1,0,0,0.469408818770159,0,0,0.380501467549926,0,0,0,0.638418315953988,0.304700482619838,0,0,0,0,0,0.678191158809384,0,0.00556652433171576,0,0.153633117970616,0,0,0.820988040505685,0.20046423858173,0.14
"222",222,0.428845569358215,0,0,0.466009633114855,0,0,0.101773375040503,0,0,0,0.426199152554247,0.131557949806034,0,0,0,0,0,0.47652561581355,0,0,0,0.0843041658597096,0,0,0.740194886117156,0.0470601658044392,0.3
"223",223,0.676734400781237,0,0,0.067016517836789,0,0,0.122038351629509,0,0,0,0.569597111069365,0.184172243501645,0,0,0,0,0,0.522862294879975,0,0,0,0.0791368050335429,0,0,0.79907930923674,0.153960197335407,0.3
"224",224,0.659090736554003,0,0,0.211575495262809,0,0,0.559450391737582,0,0,0,0.226559931416047,0.158521984380577,0,0,0,0,0,0.537824916067537,0,0,0,0.0616405011700729,0,0,0.623383591400984,0,0.19
"225",225,0.841093987294269,0,0,0,0,0,0,0,0,0,0,0,0,0,0,0,0,0,0,0,0,0.0119088623066325,0,0,0.329831007137058,0,0.17
"226",226,0.437687264063458,0,0,0,0,0,0,0,0,0,0.0123666794243012,0,0,0,0,0,0,0.0075216933810778,0,0,0,0.0101689409624128,0,0,0.462572894719739,0,0.25
"227",227,0.685605074136999,0,0.48870399694765,0,0,0.15529225440771,0,0,0,0,0,0,0,0,0,0,0,0,0,0.0819625723657904,0,0.0757159765210296,0,0,0.0427971698692549,0,0.14
"228",228,0,0.201451948760255,0.847979293239794,0.0605843431738088,0,0,0,0,0,0,0.282892350717895,0,0.182246224041087,0,0,0,0,0,0,0.0819719738488122,0,0.218460502938596,0,0,0.454518633488058,0,0.18
"229",229,0,0,0.648145184960953,0,0,0,0,0,0,0,0.0474492675813273,0,0,0,0,0,0,0,0,0.0276341853152403,0,0.0280207210119993,0,0,0.0165741042894381,0,0.22
"230",230,0,0,0,0.0704132148841665,0,0,0.555783319923262,0,0,0,0.0336590086430773,0.0265626870984771,0,0,0,0,0,0.391817794356004,0,0,0,0.007298553008135,0,0,0.148682285183752,0,0.09
"231",231,0,0,0,0,0,0,0,0,0,0,0,0,0,0,0,0,0,0.00959339544277796,0,0,0,0,0,0,0.431306214732076,0,0.48
"232",232,0,0,0,0,0,0,0,0,0,0,0.0381648771361079,0,0,0,0,0,0,0.0403860630726358,0,0,0,0,0,0,0.593230236605524,0,0.56
"233",233,0,0,0,0,0,0,0.0180364722414027,0,0,0,0.183969082477545,0.0671511679047525,0,0,0,0,0,0.122824468338839,0,0,0,0.013029024411689,0,0,0.752368645705948,0.0885496850081361,0.37
"234",234,0,0,0,0,0,0,0.386897957144484,0,0,0,0.429235335492919,0.0924996043103161,0,0,0,0,0,0.145322752055447,0,0,0,0.00816053899157963,0,0,0.725316643691617,0.0160523131871727,0.38
"235",235,0.0133748243308102,0,0,0,0,0,0,0,0,0,0.556889562299918,0,0,0.394043447468117,0.596688991549208,0,0,0,0,0.137438242083618,0.964325879442809,0.481789001891742,0.174135459824521,0.0890390157300303,0.888660295959765,0.357511135302372,0.17
"236",236,0,0,0,0.40006419817159,0,0,0.422106677612294,0,0,0,0.653208155404904,0.323267380457922,0,0,0.0992466074094984,0,0,0.650715982141009,0,0.0563919933678759,0.727816319857201,0.287848377428927,0.031543150114836,0,0.81653556200239,0.179980315441617,0.24
"237",237,0,0,0,0,0,0,0,0.743436042632869,0,0.382986703422446,0,0,0,0,0,0,0,0,0.16058068395614,0,0,0.0488997809862807,0,0,0,0,0.2
"238",238,0,0.297521745366891,0,0,0.161768043476446,0,0,0.9862315051523,0,0.697567656169178,0.395747121917739,0,0.120203759140967,0,0,0,0,0,0.336303734172314,0.183684434184711,0,0.618543984531106,0.111143491854358,0,0.00745434513759877,0,0.19
"239",239,0,0,0.46013364755605,0.708335641153269,0.00406970810643197,0,0,0.897014270904904,0,0.58139195022669,0,0,0,0,0,0,0,0,0.239561436470133,0.0170718987879199,0,0.202978553564573,0,0,0,0,0.21
"240",240,0,0.101243065743444,0.666973506043079,0.901436144065232,0.074470034668303,0,0,1,0,0.712369434855707,0,0,0,0,0,0,0,0,0.505178033647795,0.121023309880193,0,0.138380625784277,0,0,0,0,0.22
"241",241,0.806266082060665,0,0,0.535469140219312,0,0,0.13618885441738,0,0,0,0.56455390594163,0.251180914311405,0,0,0,0,0,0.606970467395469,0,0.00989621974394961,0,0.0945816610572894,0,0,0.795854701197595,0.143846286785961,0.26
"242",242,0.810117607767368,0,0,0.105307115631795,0,0,0.092883646692127,0,0,0,0.675867269664282,0.327018741855273,0,0,0,0,0,0.692828300645193,0,0.0576640766027228,0,0.370650779123709,0.0215882355154814,0.0212254997366987,0.838952542152375,0.266055251821119,0.16
"243",243,1,0,0,0.047090124853086,0,0,0.113723855595048,0,0,0,0.315018876507093,0.070440334119026,0,0,0,0,0,0.390088796293146,0,0,0,0.0583980646257373,0,0,0.690611272082101,0.00733360357045112,0.18
"244",244,0.738165353149194,0,0,0,0,0,0.00360080121823665,0,0,0,0.187854709617225,0,0,0,0,0,0,0.213524833885108,0,0,0,0.0211049308744531,0,0,0.63877518372724,0,0.25
"245",245,0,0,0,0,0,0.23398607033461,0,0,0,0,0,0,0,0.257301923684858,0.480350557847164,0,0,0,0,0.0720296671829298,1,0.466515187683702,0.0954401720743488,0,0.164140176993933,0,0.1
"246",246,0.56312090624554,0,0,0,0,0,0,0,0,0,0,0,0,0,0,0,0,0,0,0,0,0,0,0,0,0,0.4
"247",247,0.707626839527236,0.170805576324815,0.861669826671503,0.0471172716150516,0,0,0,0,0,0,0.428603301426314,0,0,0,0,0,0,0,0,0.0412235178427319,0,0,0,0,0,0,0.13
"248",248,0.703911051999309,0.694637001045674,1,0.29486090214732,0,0.199528630578407,0,0,0,0,0.855153688044061,0,0,0,0,0,0,0,0,0.186959794386461,0,0,0,0,0,0,0.11
"249",249,0,0.524201106014231,1,0.204609929955975,0,0.0783895594821756,0,0,0,0,0.712548123788985,0,0,0,0,0,0,0,0,0.106306324149724,0,0,0,0,0,0,0.15
"250",250,0,0,0,0,0,0,0,0,0,0,0,0,0,0,0,0,0,0,0,0,0,0,0,0,0,0,0.56
"251",251,0,0,0,0,0,0,0,0,0,0,0,0,0,0,0,0,0,0,0,0,0,0,0,0,0.239311368159136,0,0.33
"252",252,0,0,0,0,0,0,0,0,0,0.415761552953604,0,0,0,0,0,0,0,0,0,0,0,0.0406263436043341,0.0967059790917116,0,0,0,0.18
"253",253,0,0,0,0.0666287031132645,0,0,0.0888267022671625,0,0,0.254598723024958,0.546312279829546,0.0907027718635438,0,0,0,0,0,0.532951255814864,0,0.0192159063918376,0,0.208956600827609,0.0122613244316268,0,0.740943825544172,0.0498445660209878,0.15
"254",254,0,0,0,0.545760712403261,0,0,0.514478374151345,0,0,0.251056081160537,0.667109102904167,0.334617372443995,0,0,0,0,0,0.701669506601074,0,0.0570287626089504,0,0.224939846178169,0.0328963269756711,0,0.800798604282625,0.121161694299865,0.14
"255",255,0,0,0,0,0.0345673545810998,0,0,0,0,0.614284397769808,0,0,0,0,0,0,0,0,0.318193084070099,0.00937607461965295,0,0.230629947073748,0.646852608293749,0.0314854404159347,0.315662010754262,0,0.13
"256",256,0,0.0316994438120094,0,0,0.124346569421955,0,0,0,0.0833130245386661,0.808880218420168,0.0133558456894394,0,0,0,0,0,0,0,0.628573204542761,0.102495230718268,0,0.45330185241353,0.85212586257163,0.228344331677748,0.29147309883314,0.0749220371959166,0.19
"257",257,0,0.04315803265103,0,0,0.159090329175067,0,0,0,0,0.542449628357809,0.326952810874508,0,0.178876573546555,0,0,0,0,0,0.775952463964156,0.0633884883424069,0,0.154447465425253,0,0.0926486934527656,0.0288287664775135,0,0.07
"258",258,0,0,0,0,0.0323276026389064,0,0,0.945959535359019,0,0.598168787866123,0,0,0,0,0,0,0,0,0.533474408551606,0.021702782394817,0,0.166796154309581,0,0,0,0,0.22
"259",259,0,0,0,0.765141858642386,0.0254418603326443,0,0,0.974581823866442,0,0.547206437949306,0,0,0,0,0,0,0,0,0.490827079564111,0.0352319050501271,0,0.0876308294595802,0,0,0,0,0.38
"260",260,0,0,0,0.884166591085336,0.0841856073563307,0,0,1,0,0.683578486675412,0,0,0,0,0,0,0,0,0.551141796165825,0.0970211519925561,0,0.385984891558833,0,0,0,0,0.29
"261",261,0.935184116381788,0,0,0.499541787576767,0,0,0,0,0,0.335612067998229,0.490508563951317,0,0,0,0.561934860081086,0,0,0,0,0.407944085371671,0,0.875919467942502,0.397693913230665,0.91820305362937,0.939527557507015,0.395633668240142,0.07
"262",262,1,0.0110906506020402,0,0,0.013920376833975,0,0,0.0435548886658766,0,0.103594971780895,0.534434151997678,0,0,0,0.195806978560388,0,0,0,0,0.505479424372071,0,0.88144157822004,0.406280413405929,0.88447929278236,0.942590040809086,0.440709537482577,0.14
"263",263,0.936599682819741,0,0,0,0,0,0,0,0,0.0170224559537956,0.30452871590838,0,0,0,0.0637972145140168,0,0,0,0,0.334902625927887,0,0.644747939691019,0.15829079873971,0.535063998138642,0.823948115124308,0.175520097873155,0.16
"264",264,0.829910209774315,0,0,0.0763117297827992,0,0,0,0,0,0,0.400297423516786,0,0,0.0263162545146841,0.795078784426911,0,0,0,0,0.210196318902258,0.0598054861166774,0.700528246756842,0.2067062097328,0.231150577593609,0.888744323726587,0.280410584866548,0.17
"265",265,0.935822362232431,0,0,0,0,0,0,0,0,0,0,0,0,0,0,0,0,0,0,0,0,0,0,0,0,0,0.25
"266",266,0.728659309040155,0,0.0710633687823455,0,0,1,0,0,0,0,0.0107531296919772,0,0,0,0,0,0,0,0,0.228195804989869,0,0.402418595795597,0.0207714388257274,0,0.0690370779254504,0,0.08
"267",267,0.694138730358772,0.197280755010886,0.734376521237198,0.0626510984410005,0,0.445791805414757,0,0,0,0,0.139002183000925,0,0,0,0.0212812587605388,0,0,0,0,0.241099686763663,0,0.594426467219117,0.11740344000716,0,0.119568709566859,0,0.07
"268",268,0,0.324076608536104,0.601457923606955,0,0.0443156330252668,0.048851186772137,0,0,0,0,0.235588507841457,0,0.28190808434932,0,0,0,0,0,0,0.0878965260586338,0,0.561765801611862,0.0644303058857102,0,0.0194574640219274,0,0.12
"269",269,0.0464980686512819,0,0.576584935865542,0,0,1,0,0,0,0,0.120967809377985,0,0,0,0.20026754162097,0,0,0,0,0.375952219353153,0.185753101013015,0.506696938666653,0.160279153223035,0,0.378983990047491,0,0.07
"270",270,0,0,0,0,0.896931628888276,0.988499874037667,0,0,0,0,0.360742662416952,0,0,0,0,0,0,0,0,0.339773473096981,0,0.131481258656118,0,0,0,0,0.08
"271",271,0,0,0,0,0,0,0,0,0,0.604619870419561,0,0,0,0,0,0,0,0,0.16969811437198,0,0,0.0553718093193212,0.491517499172974,0,0,0,0.27
"272",272,0,0,0,0,0,0,0,0,0,0.349335106360706,0,0,0,0,0,0,0,0,0.158515397141976,0,0,0.103387295083097,0.517861375982674,0,0,0,0.19
"273",273,0,0.0088929174228894,0,0,0.0097083984152979,0,0,0,0.07092811074533,0.783450217279862,0,0,0,0,0,0,0,0,0.2679383434491,0.0094937867075966,0,0.197283342235523,0.745039777300475,0.0934976889452989,0,0.0173016277364195,0.24
"274",274,0,0.0281504568744137,0,0,0.414371868654191,0,0,0,1,0.799110321093993,0.115025814451867,0,0,0,0,0,0,0,0.45406182295095,0.11673690812573,0,0.342511365857334,0.670437273458896,0.0358208839174581,0,0.0363196070162366,0.18
"275",275,0,0,0,0.0258759639569122,0.00295312318995004,0,0,0,0,0.547911716340641,0,0,0,0,0,0,0,0,0.59926352397799,0,0,0.139211284962682,0.740658267791057,0.0914813593360415,0,0,0.26
"276",276,0,0.475278968123913,0,0,0.253466788423556,0.0325792745343933,0,0,0,0,0.382255258846925,0,0.674207240933352,0,0,0,0,0,0,0.206923770789092,0,0.743892703282117,0.901593529917553,0.648861670127399,0.105344552260501,0,0.11
"277",277,0,0,0,0.533475031339401,0,0,0,0,0,0.344964140228596,0,0,0,0,0,0,0,0,0.4780335176116,0,0,0.165163545372801,0.721661600631925,0.0749108809789106,0,0,0.16
"278",278,0,0,0,0.511649607666843,0,0,0,0,0,0.587028598611458,0,0,0,0,0,0,0,0,0.214123240445123,0,0,0.092154236537712,0.659490474130107,0.0234238219525856,0,0,0.25
"279",279,0,0,0,0.52308288385741,0.0299892398972542,0,0,0,0,0.630843807837721,0,0,0,0,0,0,0,0,0.616556802555854,0,0,0.0871896552188055,0.567321607092549,0,0,0,0.2
"280",280,0,0.0325067030811545,0,0.870029203268576,0.103108350841292,0,0,0,0,0.597416428651322,0.017403154136956,0,0,0,0,0,0,0,0.363728682605248,0.0678844228575872,0,0.281028297556987,0,0,0,0,0.1
"281",281,0.908349513239632,0,0.0497052271944371,0.237841439657796,0,0.00251016238134993,0,0,0,0,0.653243412468163,0.0260706314205036,0.0201063409248219,0.511558394804157,1,0.0846385391130945,0,0.0309184242997598,0,0.375059149639933,0.836841307405981,0.889629831953603,0.398550999627117,0.350496950536962,1,0.617479810271963,0.18
"282",282,0.615542818830902,0,0,0.0279698062385432,0,0,0,0,0,0,0.632785833657899,0,0,0.808064546328541,0.73339082511975,0,0,0,0,0.245958343305462,0.873212611347846,0.678206329105521,0.382952080586904,0.197475644976,0.946211863643302,0.496349494073024,0.21
"283",283,0,0,0,0,0,0,0,0,0,0,0.201874439085536,0,0,0,0.241981780504382,0,0,0,0,0.062543392946659,0.830144151609253,0.192589869590029,0.0164897399684292,0,0.648504592728723,0,0.16
"284",284,0.965303377338246,0.253641318407966,0,0,0.154475384818158,0.0605624088652647,0,0,0,0,0.492173067074837,0,0.595285127712274,0,0,0,0,0,0,0.215534020959816,0,0.721922082885568,0.191237675641851,0.285422395171436,0.0517736413498519,0,0.08
"285",285,0.644274597854706,0,0,0,0.706052505417888,0.160726686620227,0,0,0,0,0.511947599820895,0,0.667119089180135,0,0,0.470546610279344,0,0,0,0.184098395130274,0,0.885117090295852,0.373302396428967,0.358053195930613,0.0430079703847439,0,0.11
"286",286,0.528819623596039,0.252381003383746,0,0,0.0459219291397458,0.0218908809272036,0,0,0,0,0.27478227717425,0,0.465448697612364,0,0,0,0,0,0,0.0577031082668548,0,0.570194302595183,0.0716028766633228,0.193838629650054,0.00782101545857353,0,0.21
"287",287,0.404853383827121,0.632338601756888,0,0.867525637253481,0.218601417352722,0.853950401809397,0,0,0,0,0.381890625575449,0,0.592083505225048,0,0,0,0,0,0,0.2092860256595,0,0.657744151104659,0.137202117626826,0.500984671322844,0.0517418491995648,0,0.11
"288",288,0,0,0,0,0,0.506401640115519,0,0,0,0,0,0,0.136440092000659,0,0,0,0,0,0,0.103836083432004,0,0.678716447258512,0.211470155080827,1,0.175857750633829,1,0.09
"289",289,0,0,0,0,0.00134324657235662,0,0,0,0,0,0.043668836746544,0,0.105910282925491,0,0,0,0,0,0,0.00166510023141775,0,0.400041016828079,0,0,0,0,0.3
"290",290,0,0.0623115043308606,0,0,0.127403465070803,0,0,0,0,0,0.615524511856036,0,0.489379846320188,0,0,0,0,0,0.714544186994361,0.0263763970935587,0,0.127879692788326,0,0.0815600558051534,0,0,0.13
"291",291,0,0.102101966958998,0,0,0.12366061387781,0,0,0,0,0.44265329803385,0.210737763676203,0,0.360127845069152,0,0,0,0,0,0.179862813049788,0.294197870972091,0,0.60804144433963,0.0703689811977534,0,0,0,0.14
"292",292,0,0,0,0,0.0199427912659517,0,0,0,0,0.654727291083956,0,0,0,0,0,0,0,0,0.152705801756467,0,0,0.383610947399765,0.548651565359998,0,0,0,0.27
"293",293,0,0,0,0,0.10361023312889,0,0,0,0,0.46026672116984,0,0,0,0,0,0,0,0,0.494307702416074,0.0239686379385593,0,0.501120036739406,0.803652294654955,0.183629441384294,0.00747493475837298,0,0.15
"294",294,0,0,0,0,0.02298184647382,0,0,0,0,0.735501657781866,0,0,0,0,0,0,0,0,0.686164935852896,0.0266318585065347,0,0.412236060370579,0.840984010925614,0.202992799095301,0,0,0.27
"295",295,0,0.0112993972768319,0,0,0.134980387653883,0,0,0,0.0337896723472326,0.805444665635175,0,0,0,0,0,0,0,0,0.71454441820102,0.0314459002904031,0,0.108538990360893,0.812977960736281,0.152955934465659,0.0111852459169312,0.0499606517531547,0.26
"296",296,0,0,0,0.468037588236237,0.0225022695360869,0,0,0,0,0.678460331262986,0,0,0,0,0,0,0,0,0.509221985816967,0.0115198999415333,0,0.361556075812814,0.805128866770308,0.143876891141138,0,0,0.31
"297",297,0,0.018171257203118,0,0.539963103196718,0.0395147287387777,0,0,0,0.0561434630082404,0.814671880297612,0,0,0,0,0,0,0,0,0.682748965919104,0.0332961421656133,0,0.0964491535715618,0.828656045501658,0.177865039406312,0,0.065640703977195,0.24
"298",298,0,0,0,0.710185657600621,0.0503158007220319,0,0,0,0,0.581538168553246,0,0,0,0,0,0,0,0,0.707971174737023,0.00943149794948759,0,0.0885937469930265,0.840452228205997,0.197302282712276,0,0,0.29
"299",299,0,0.00650459747236948,0,0.841815716902001,0.353756560809853,0,0,0,0.0319961067848268,0.820463777276206,0,0,0,0,0,0,0,0,0.82057272687829,0.131793661529407,0,0.0582646615905543,0.851158802815712,0.196613470159235,0,0.0253699774749524,0.29
"300",300,0,0.00704346757503393,0,0.784231284188816,0.0265870142925694,0,0,0,0.02368137186299,0.777556086640517,0,0,0,0,0,0,0,0,0.392883431170487,0.0135735399663477,0,0.124735179326583,0.804625317017924,0.119647965541,0,0.00260477265319268,0.3
"301",301,0.679951322627511,0,0.0214620187514472,0.186988186745881,0,0.184481062352675,0,0,0,0,0.849965510613785,0.00892734681481158,0,1,0.987659066449457,0.0738192971944455,0,0.0159883311488542,0,0.440195872814048,1,0.956172893218132,0.628435026679972,0.501433778888299,1,0.815450747596104,0.12
"302",302,0.0908189167501338,0,0.009822366634612,0.102599645658512,0,0.084362174813004,0,0,0,0,0.777149125340411,0,0,0.978305730491154,0.848981401304714,0,0,0,0,0.277232961251592,1,0.783368673158999,0.413111298855466,0.347763153863867,1,0.739985916691075,0.18
"303",303,0.603694875530474,0.206244290828087,0.845812120383394,0.313864819957773,0,0,0,0,0,0,0.617650893122896,0.035807313493679,0.0235990521353803,0.558597726443732,1,0.0774094495930649,0,0.0304109957504617,0,0.322278932293895,0.547481093658804,0.833364317236851,0.317132126256745,0.234688762375272,1,0.565693536406207,0.13
"304",304,0.738879184608817,0.330659617830336,0.917129035554751,0.170923263041049,0,0,0,0,0,0,0.566098704960288,0,0.146307047241052,0,0,0,0,0.0268052539171825,0,0.192043960580431,0,0.44477389666831,0.0453226417733743,0,0.640049045289719,0,0.06
"305",305,0.628119630427721,0.62486962702533,0,0,0.239930396834319,0.25088859508402,0,0,0,0,0.460264719859007,0,0.680445760122303,0,0,0,0,0,0,0.24008206720106,0,0.803697302783474,0.960971035460035,0.734026192777333,0.156603668365865,0,0.06
"306",306,0.587874551655759,0.701770552628933,0,0,0.218274504072977,0.125825571087475,0,0,0,0,0.640478957817641,0,0.872977033410959,0.0124167785041651,0,0,0,0,0,0.236643922647007,0,0.793029025162946,0.284068224655908,0.925843357713603,0.204248532692218,0,0.19
"307",307,0,0.773355357830253,0,0,0.513715792126746,0.0953828044740418,0,0,0,0,0.536816535428614,0,0.66708439890205,0,0,0,0,0,0,0.107908219833017,0,0.710388866276624,0.15754920069032,0.845553762444795,0.0165702053743599,0,0.32
"308",308,0,0.828747947097575,0,0,0.221378201579893,0,0,0,0,0,0.281306551672035,0,0.4312600521248,0,0,0,0,0,0,0.12200815316542,0,0.50371146285455,0.0200619353849685,0.168073536754557,0,0,0.23
"309",309,0,0.0607163380918108,0,0,0.056899721701953,0,0,0,0,0,0.143201158038898,0,0.691209914131843,0,0,0,0,0,0,0.0216487592213003,0,0.638268656853622,0.094971534958193,0.110712769738434,0,0,0.3
"310",310,0,0.0693543554537511,0,0,0.111070204842799,0.0333953164172678,0,0,0,0,0.58253141127648,0,0.358294139284834,0,0,0,0,0,0,0.0749324192101717,0,0.655342256518012,0.113838359018169,0.119421664854073,0,0,0.23
"311",311,0,0.325561559428159,0,0,0.0841108640163901,0,0,0,0,0.578681695149495,0.435803995414898,0,0.622619739569217,0,0,0,0,0,0.178125744946408,0.609615957279507,0,0.875830334770502,0.375347347385269,0.0678913285795005,0.0569478282027514,0,0.11
"312",312,0,0.153436899593062,0,0,0.569238400116665,0,0,0,0.217821070433848,0.883238941580582,0.0700008316037225,0,0,0,0,0,0,0,0.278264892933943,0.123532412452463,0,0.600225368279991,0.786642916026216,0.125621090416689,0.00473567112957463,0.131165078977436,0.19
"313",313,0,0.0974365379328274,0,0,0.0420730700066409,0,0,0,0.163129827378426,0.860356155348089,0.00579851621721977,0,0,0,0,0,0,0,0.196658560166464,0.0567730387133208,0,0.552997165060234,0.767736280513467,0.107802935845504,0,0.116757731569526,0.27
"314",314,0,0.168429415151671,0,0,0.199300557123472,0,0,0,1,0.908465314617137,0.385116347127503,0,0.0930171775150544,0,0,0,0,0,0.333743507311724,0.242931625104042,0,0.603012590990789,0.798671995750198,0.164673956563461,0.0324505029307384,0.176364290663968,0.2
"315",315,0,0,0,0,0.43882421991401,0,0,0,0,0.746400078332596,0,0,0,0,0,0,0,0,0.728417337818208,0.0622468179067796,0,0.414878083284414,0.809439392790285,0.146982713203072,0,0,0.2
"316",316,0,0,0,0.602575760480866,0.409253759919266,0,0,0,0,0.744810983532945,0,0,0,0,0,0,0,0,0.649565093177667,0.0687094934004458,0,0.231489643940767,0.782786734132603,0.093575524060537,0,0,0.28
"317",317,0,0,0,0.76929898029573,0.0731478168927576,0,0,0,0,0.465150948499786,0,0,0,0,0,0,0,0,0.669461876268647,0.0147223084387189,0,0.389296430352159,0.878861905785262,0.280314740076019,0,0,0.22
"318",318,0,0,0,0.80626863254177,0.0698032258313273,0,0,0,0,0.764456688269812,0,0,0,0,0,0,0,0,0.799418134357915,0.0187553207376969,0,0.354123711584602,0.83888458232657,0.0823141279299909,0,0,0.36
"319",319,0,0,0,0.882921882533127,0.0486500041814861,0,0,0,0,0.741179737519739,0,0,0,0,0,0,0,0,0.698963038625588,0.0606114115880969,0,0.28550580408093,0.928029110624075,0.481498290979023,0,0,0.29
"320",320,0,0.16314668319616,0,0.921945363807736,0.0440117055324002,0,0,0,0.187804583621854,0.913144733123288,0,0,0,0,0,0,0,0,0.727186453191753,0.0929338228428264,0,0.13470013783216,0.908795435357308,0.268812217998324,0.00813500066381025,0.216982941386745,0.26
"321",321,0.149699133047177,0,0.0542260276131893,0.144757464597671,0,0.792393333884793,0,0,0,0,0.724389245861033,0,0,1,0.910065328320383,0.000200413446849354,0,0.00193636206456109,0,0.401050774188898,1,0.884181306756073,0.576432871675481,0.322661090533919,0.979741927686185,0.583048074970027,0.1
"322",322,0.00211812368275217,0,0,0,0,0.412766458446634,0,0,0,0,0.366606022965494,0,0,0.616200873155357,0.620367730484385,0,0,0,0,0.199021311669088,1,0.577973719548671,0.24166356193375,0.055664294068286,0.791870108478313,0.155176262853994,0.14
"323",323,0.140740476420262,0.794638687858659,1,0.481223446065361,0,0,0,0,0,0,0.204849870308889,0.0346219057598844,0,0.481948750493993,1,0.0922804820116063,0,0.0367694016434616,0,0.290619377422127,0.105274393943852,0.764689562449888,0.174363426018033,0.0292318932811355,0.846902273554614,0.127923356687917,0.13
"324",324,0.630826498715918,0.333566841423226,0.922729706449202,0.204390242863849,0,0,0,0.696841368616447,0,0.14094130259447,0.309005718582042,0.0738522951092621,0,0,0,0,0,0,0,0.266309516800047,0,0.631818419518392,0.58720552725111,0.0400300418901577,0.450539622982079,0,0.04
"325",325,0.579910139329874,0.797020536197504,0.696413453051008,0.0359756784953005,0.372121136290982,0.331173327313517,0,0,0,0,0.549260248581092,0,0.631477164257198,0,0,0,0,0,0,0.248253984862682,0,0.779012452840492,0.245844631129149,0.359880679611939,0.0693565940461372,0,0.09
"326",326,0.509755292822515,0.819427993108655,0,0,0.440249566030257,0.179952985785409,0,0,0,0,0.605908956715724,0,0.670773130152528,0,0,0,0,0,0,0.174865045526592,0,0.700430825903883,0.150633377730106,0.462754545527595,0.00995707145326357,0,0.21
"327",327,0,0.857369906865043,0,0,0.0510084753504947,0.0371284807946371,0,0,0,0,0.589401550217499,0,0.806871531264231,0,0,0,0,0,0,0.193890985345092,0,0.764861197155356,0.239194950889656,0.575756401533939,0.0274174773909988,0,0.33
"328",328,0,0.315887664184408,0,0,0.0491819773001684,0,0,0,0,0,0.472520948708452,0,0.755425189300981,0,0,0,0,0,0,0.186658228825554,0,0.576624623273096,0.0539214111722447,0.81615738104017,0.0513424555652091,0,0.22
"329",329,0,0,0,0,0.570614720773581,0,0,0,0,0,0.17596700021055,0,0.326910821373275,0,0,0.030389576676045,0,0,0,0.0450689937849612,0,0.625417656142363,0.0807721184717921,0.0437510826949307,0,0,0.31
"330",330,0,0.239021311107295,0,0,0.226291151763897,0,0,0,0,0.00781608325351794,0.719438616657303,0,0.718772688345294,0,0,0,0,0,0.82964841931917,0.116300065897692,0,0.504542861555157,0.0348958288755602,0.464341293274808,0.0346781999173118,0,0.11
"331",331,0,0,0,0,0.253398824575277,0,0,0,0,0.391240938705165,0.0951527155478056,0,0,0,0,0,0,0,0.872172187937941,0.729615070247822,0,0.858131645803713,0.339447843932664,0.0118708962291317,0.12357944971916,0,0.1
"332",332,0,0.476610005951705,0,0,0.16427184260433,0,0,0,0.429300497740412,0.999436510004878,0.221357365407015,0,0.677508890668977,0,0,0,0,0,0.453328924251393,0.168511219083317,0,0.730695250903956,0.913913063186421,0.289282646060037,0.0467231147369225,0.393139998612658,0.18
"333",333,0,0.302434369187325,0.00575456676774703,0,0.101574689499323,0.162414486278383,0,0,0.497550768655124,0.971255772373418,0.168919615482606,0,0,0,0,0,0,0,0.483160302226017,0.237101685048283,0,0.771613056500516,0.933767328256838,0.34108190870777,0.305778258944914,0.317909239980368,0.17
"334",334,0,0.249122154356831,0,0,0.197977615228693,0,0,0,0.351665445394599,0.94897174532482,0.0201952162794643,0,0,0,0,0,0,0,0.703752383910137,0.13669969644176,0,0.597983440539977,0.875958896033573,0.210803892926006,0,0.308129431446656,0.24
"335",335,0,0.238540136912444,0,0,0.55576313134162,0.0015306949674542,0,0,0,0.718384149525086,0.292222564674479,0,0.683937614446477,0,0,0,0,0,0.562723437331385,0.168568989680227,0,0.770306278500872,0.93524187005049,0.403364336584211,0.0752123606421796,0.00778077585634996,0.12
"336",336,0,0.0139328400535395,0,0.500249092261132,0.209587698522252,0,0,0,0.0746719263114016,0.840917265165099,0,0,0,0,0,0,0,0,0.796352006703852,0.105208850332109,0,0.456615082709254,0.889213809933965,0.277998921176835,0,0.080711016076988,0.28
"337",337,0,0,0,0.730353949496837,0.0132724588730462,0,0,0,0,0.596146306092595,0,0,0,0,0,0,0,0,0.299632240101179,0,0,0.344485274578746,0.791791697721578,0.141630659733159,0,0,0.27
"338",338,0,0,0,0.881006205698965,0.038450006838981,0,0,0,0,0.705987013677059,0,0,0,0,0,0,0,0,0.638627934232121,0.0737542819092042,0,0.529339478763023,0.947977293189328,0.442430138542412,0,0,0.33
"339",339,0,0.212441994861471,0,0.945568768344003,0.0427277692922397,0,0,0,0.237092420916632,0.918696178703687,0,0,0,0,0,0,0,0,0.681198031494856,0.134037190702463,0,0.438170411113581,0.9404332830268,0.34597288001049,0,0.213325345107473,0.31
"340",340,0.654610422990833,0,0,0,0.0121602262854224,0,0,0,0,0.657455450615402,0,0,0,0,0,0,0,0,0.351513338702593,0,0,0.239900365373523,0.683339294256604,0.0498504065518067,0.00308845503169351,0,0.14
"341",341,0.0542479107342278,0,0.0195240310610188,0.0863127784778644,0,0.91756812338894,0,0,0,0,0.0935080284713954,0,0,1,0.836096314501917,0,0,0,0,0.265006093196717,1,0.824374202666302,0.408554763836624,0.0905348104647571,0.407696672686847,0.00781446531645649,0.1
"342",342,0.368835995899716,1,0.530417774059067,0.53602679924361,0.43325167344431,1,0.26333619602884,0.155397176987527,1,0.587453468625086,0.0820941166891269,1,0.1252012064139,1,1,1,0,1,0.062954015108903,0.0942524780774255,0.202947066087339,0.263816951024398,0.144154195955781,0.412087979389308,0.583922532688442,1,0
"343",343,0,0.961512315044713,1,0.553617564057361,0,0,0,0,0,0,0,0,0,0.219200575510169,0.981319839889305,0.029676223217015,0,0.00849307820280666,0,0.220969418183574,0,0.666067346751461,0.0652753314159402,0,0.0333263014977653,0,0.16
"344",344,0.251280850400688,0.551117900730589,0,0.820882698618484,0.146821697158599,1,0,0,0,0,0.0847975677758722,0,0.0525263022651212,0,0.396732541195237,0,0,0,0,0.173086146715785,0,0.419556282113336,0.000992724429242456,0,0,0,0.08
"345",345,0,0.658251766227975,0.762832427216091,0.843090265880587,0.232032092153253,0.605487011718006,0,0,0,0.0701055779164243,0.322267588614318,0,0.30178522943106,0,0,0,0,0,0.0370349989027619,0.176286981962383,0,0.606597577129303,0.0742283597673546,3.79847039576929e-05,0.00305916441900411,0,0.08
"346",346,0,0,0,0,0.188927749960926,0.0144817306509844,0,0,0,0,0.174337205407873,0,0.565179661113466,0,0,0.15524790449354,0,0,0,0.128650312643211,0,0.864789381200248,0.378571252906838,0.292251494894924,0.0040862862899018,0,0.27
"347",347,0,0.873559334620614,0,0,0.559056140990336,0.037250260206753,0,0,0,0,0.666455740940415,0,0.840990665475187,0,0,0,0,0,0,0.455084925307132,0,0.882447529932499,0.397851405783658,0.69338332801779,0.024860795219398,0,0.24
"348",348,0,0,0,0,0.521905981883989,0.155070105198299,0,0,0,0,0.499552600527909,0,0.786931104206799,0,0,0.66660147084224,0,0,0,0.236832188417521,0,0.982526347483326,0.506777373982319,0.530481582858489,0.109710601026471,0,0.29
"349",349,0,0,0,0,0.648994515658015,0.182890216259898,0,0,0,0,0.456967844835847,0,0.263282976781391,0,0,0.404880881074492,0,0,0,0.16494235745576,0,0.866248195363165,0.369325145051525,0.407622065480901,0.0343128751134768,0,0.24
"350",350,0,0.835973358224329,0,0,0.526638973920219,0.0248893812725546,0,0,0,0,0.570917594317516,0,0.63150900570169,0,0,0,0,0,0,0.198284619651475,0,0.731769233968942,0.181886602476342,0.151208922994771,0.00682507008352069,0,0.32
"351",351,0,0.256530482232591,0,0,0.326476235543343,0,0,0,0,0.500546757405714,0.556136118228086,0,0.799449325371144,0,0,0,0,0,0.891835685507387,0.735234962237977,0,0.860980484386504,0.33628914931947,0.145819718947415,0.0326126162303847,0,0.1
"352",352,0,0.0892742770050147,0,0,0.116885978661753,0,0,0,0.182298064396913,0.857583192534847,0.611524417228712,0,0.123941518681815,0,0,0,0,0,0.582906598553534,0.0691913026512607,0,0.543937070649168,0.796435722171471,0.146884197404831,0.0406796437851214,0.141147251403632,0.2
"353",353,0,0.072006896975937,0,0,0.0507912663191351,0,0,0,0.110262365989329,0.800360197027153,0.146733793529903,0,0.647288019979209,0,0,0,0,0,0.479279734956816,0.0400995661769142,0,0.467380477083178,0.744410748637263,0.103132820095342,0.00892492359156635,0.0563995951911003,0.17
"354",354,0,0.16114528562061,0,0,0.215519116878754,0,0,0,0.971441353624785,0.912789401767225,0.587376523541011,0,0.567703169586033,0,0,0.209751440389925,0,0,0.834867054928515,0.330846529579747,0,0.525898512285162,0.778600645921004,0.121555888097339,0.0227350901139636,0.219794973034183,0.18
"355",355,0,0.0695211894884694,0,0,0.0908947205520779,0.101428894165579,0,0,0,0.748631205337654,0.0651934863460737,0,0,0,0,0,0,0,0.514577518034923,0.141460297202668,0,0.773295259615044,0.955663883709346,0.476727405831392,0.0838756212749735,0.0269906913749492,0.18
"356",356,0,0.00779841141548147,0,0.904094142500517,0.347898546099728,0,0,0,0.100429098183565,0.865942135884972,0,0,0,0,0,0,0,0,0.958848146613797,0.271163879267877,0,0.527429452193926,0.938020119294138,0.289491686419716,0.00168859356196434,0.0822472114652675,0.29
"357",357,0,0,0,0.75104549085239,0.0606827095961071,0,0,0,0,0.60645417557016,0,0,0,0,0,0,0,0,0.616594981871819,0.0608740598692191,0,0.394783697618547,0.890912604823327,0.309879835695967,0.257632486297445,0,0.21
"358",358,0,0.0513218463708548,0,0.780964666247539,0.0336533736647729,0,0,0,0.0651087301032621,0.808228239691516,0,0,0,0,0,0,0,0,0.336005327329301,0.0469295252813015,0,0.416456493330775,0.861389733144469,0.219232069461895,0.00072369878470444,0.0508569135506346,0.34
"359",359,0.950135504567779,0.021117002029791,0,0.784037064736072,0.0592764933151872,0,0,0,0.0283980338985753,0.759901013022195,0,0,0,0,0,0,0,0,0.589383552106905,0.0658235188305177,0,0.335698930934402,0.875350997333673,0.250139382291615,0.0485885789249219,0.0399939983644115,0.11
"360",360,0.742940944293029,0.214228415204677,0,0,0.248791696050814,0,0,0,0.461068689241931,0.907731220114014,0.310432313425718,0,0.225672987321693,0,0,0,0,0,0.540886855415602,0.184219492662183,0,0.651587952620927,0.849052427376637,0.228222883426392,0.0911902053184407,0.221173405632597,0.15
"361",361,0.410885430003886,0,0,0.156814161277326,0,0.18783890422629,0,0,0,0,0,0,0,0.435530212697864,0.928593261976041,0.00187876466290506,0.0944996929394662,0.00133499963589131,0,0.283654221619944,0,0.943489245026324,0.434155597432796,0.0740172745630684,0.273175094398935,0,0.24
"362",362,0.485169418811015,0,0,0.144712992821567,0,0,0,0,0,0,0,0.00356446222259614,0,0.344219011945116,0.905587269526254,0,0,0,0,0.141043208732388,0,0.807065117122864,0.233148666040103,0,0,0,0.41
"363",363,0,0,0.585928901890973,0.173175157336666,0,0,0,0,0,0,0,0,0,0,0.853073179979175,0,1,0,0,0,0,0.492319598260812,0.00655269807895884,0,0,0,0.14
"364",364,0,0.736638660727272,0.717318994241934,0.69735433895082,0.0648126732350195,1,0,0,0,0,0.015338804987393,0,0,0,0.657639404855399,0,0,0,0,0.116930303542888,0,0.339366620613229,0,0,0,0,0.04
"365",365,0,0.83640681162916,1,0.341554551241401,0.0481804373050764,0,0,0,0,0,0.679261359901336,0,0.871614309907503,0.0160985000315475,0,0,0,0,0,0.240236434564233,0,0.455120381062065,0.0173763317140248,0,0.620752310570642,0,0.21
"366",366,0,0.791761584263073,0.697388205842286,0.0123167129022948,0.435379366900856,0.258471701379468,0,0,0,0,0.579537703308471,0,0.604155111411918,0,0,0,0,0,0,0.246897124031455,0,0.777726336452442,0.244638666415102,0.308373582201578,0.0580346874436713,0,0.13
"367",367,0,0.161042983290686,0,0,0.55025018267241,0,0,0,0,0,0.722740767875333,0,0.995682127313781,0.106478543881376,0,0.23237611066926,0,0,0,1,0,0.720398154025746,0.182935904809378,1,0.103597668470005,0,0.2
"368",368,0,0,0,0,1,0.218214350664473,0,0,0,0,0.581273571925642,0,0.820434805353079,0,0,0.799835968851567,0,0,0,0.224224141949419,0,0.958154895511631,0.469967555114435,0.579431077779464,0.00660758642409523,0,0.32
"369",369,0,0,0,0,0.939152600980946,0.0371143931954421,0,0,0,0,0.213116530166876,0,0.667734400836104,0,0,0.456849497041198,0,0,0,0.133411542087268,0,0.832513240191581,0.299608183457158,0.206922000509859,0,0,0.25
"370",370,0,0,0,0,0.525112953613965,0.0646372042225054,0,0,0,0,0.596992294061735,0,0.734995724807391,0,0,0.322954703424289,0,0,0,0.173946301312273,0,0.823339148524038,0.282587711537063,0.218934795048929,0,0,0.35
"371",371,0,0.0278701917012255,0,0,0.417586042416913,0,0,0,0,0,0.631995873674542,0,1,0.155076210419305,0,0.93839145416309,0,0,0,1,0,0.764331339096695,1,1,0.18410229642527,0,0.1
"372",372,0,0.110755398052783,0,0,0.197059624301514,0,0,0,0.213760017832852,0.854112750327253,0.745445719381289,0,0.68747118704294,0,0,0,0,0,0.786837710892136,0.116685428107741,0,0.672322171690193,0.893617742337681,0.3241397619759,0.128048361705542,0.139878401706169,0.15
"373",373,0,0.17873753355141,0,0,0.775507991008266,0,0,0,1,0.910284022070569,0.642078703992049,0,0.639648230120271,0,0,0.240791716277066,0,0,0.652473610127532,0.100004774780335,0,0.570908517864719,0.745097122870899,0.10977422699216,0.0138519511739308,0.220760066459498,0.18
"374",374,0,0.608447827041762,0,0,0.603695990386711,0,0,0,0.450844982394888,1,0.121878210184074,0,0.0697291709761884,0,0,0,0,0,0.630425371448975,0.302045941227846,0,0.773284765655859,0.969127275259681,0.396336214169213,0.0734499956515881,0.423948850652787,0.17
"375",375,0,0.512607927535868,0.000594957027449201,0,0.0814446432756246,0.0413168988219146,0,0,0.545473735050338,1,0.0993411559000743,0,0,0,0,0,0,0,0.357083809140914,0.252494870142169,0,0.785232183515196,0.949373590078667,0.343899307647363,0.00813321480799433,0.418734143557655,0.17
"376",376,0,0.157437565617951,0,0.619038272411738,0.436865678671556,0.251501086053542,0,0,0.972978792368396,0.923149012616429,0.0312597350973397,0,0,0,0,0,0,0,0.583153435535452,0.185271168202451,0,0.672592650199403,0.871393099878879,0.235391029355326,0.0957994950817265,0.205969254835835,0.09
"377",377,0,0.0328367623906278,0,0.789877818987901,0.252714156159447,0,0,0,1,0.825304597803207,0,0,0,0,0,0.275848029799503,0,0,0.564192634421789,0.0622173735416372,0,0.380336899413195,0.757437409247928,0.0919941830508403,0.00459734546413177,0.0456303548903958,0.18
"378",378,0,0.103660318748645,0,0.874537810141865,0.0442406336070553,0,0,0,0.0951048390789004,0.841540040484177,0,0,0,0,0,0,0,0,0.613751805108355,0.123232871307697,0,0.465771769316482,0.933236513421987,0.384199450613336,0.252187320346931,0.114739846664317,0.25
"379",379,0,0.00917609899192297,0,0.731551866947015,0.109812854796076,0,0,0,0.0248635834901492,0.787881996189329,0,0,0,0,0,0,0,0,0.650734544361585,0.0699377884230656,0,0.136268158603465,0.851216300810536,0.196676066979773,0.269531147528376,0.0342403686750233,0.23
"380",380,0.51912873828258,0.0163477451270611,0,0.785142399915756,0.0673346032786188,0,0,0,0.0246646615260039,0.766494272668695,0,0,0,0,0,0,0,0,0.598846206530854,0.0571238150202087,0,0.312741797294899,0.87607200424112,0.256625353947169,0.021455024359712,0.027700223308413,0.2
"381",381,0.523272731716674,0,0,0.236027347648606,0,0.190985227955284,0,0,0,0,0,0.0241483097528527,0,0.608818734536534,1,0.0940799619547409,0.311647280006186,0.0202236863995257,0,0.291092946752379,0,0.98312336787788,0.482006484060392,0.0994305805495985,0,0,0.44
"382",382,0.0608165384236663,0,0,0.200184528718493,0,0.246486451195849,0,0,0,0,0,0,0,0.487481316130868,0.92294529969656,0,0.945461745476743,0,0,0.262912551083113,0,0.950589183506697,0.440502280049427,0.06554262168209,0,0,0.53
"383",383,0.140448535030988,0,0,0.0384237313305492,0,0.0181294171792575,0,0,0,0,0,0,0,0.138547805604984,0.747367654390382,0,0,0,0,0.112473560500808,0,0.739231003134757,0.169567671227216,0,0,0,0.35
"384",384,0.118019465516237,0.0986273525822903,0.778035646866008,0.132015665662623,0,0,0,0,0,0,0.312938641000543,0,0,0,0.752307433906516,0,0,0,0,0.130551402592975,0,0.634405903580173,0.141003332616099,0.00775555429186922,0.794338753239404,0.103630102684827,0.1
"385",385,0,0.660025128729235,1,0.244586652928332,0.0549767079844855,0,0,0,0,0,0.757420495231889,0,0.813490442780001,0,0,0,0,0.060210675263308,0,0.28330077623426,0,0.794912606662061,0.259352723571002,0.0365565608976936,0.752213019239844,0.0671043000294141,0.2
"386",386,0,0.0254519250834784,0,0,0.434340552950052,0,0,0,0,0,0.628608179711781,0,0.89495562477683,0.0541295899013819,0,0.38593576000354,0,0,0,0.940974429626906,0,0.780672991227261,0.287106410954357,0.874189398703617,0.627847080272554,0.0277672322362633,0.08
"387",387,0,0,0,0,0.347893372932716,0,0,0,0,0,0.563889887955965,0,0.899411616009496,0.046840813916183,0,0.76506743593681,0,0,0,0.981523169587118,0,0.77540199593337,1,1,0.64210372790148,0.100218143024793,0.06
"388",388,0,0,0,0,1,0.23865904539156,0,0,0,0,0.621909671498312,0,0.69336992266335,0,0,0.634170502179405,0,0,0,0.227910904308138,0,0.872990704590061,0.353389114226368,0.325953250803282,0.299134378354248,0,0.2
"389",389,0,0,0,0,1,0.095481471449711,0,0,0,0,0.730239252516996,0,0.702100938335597,0,0,0.740542552183861,0,0,0,0.189943093752323,0,0.842376837025425,0.29722257229634,0.133377323022992,0,0,0.34
"390",390,0,0,0,0,1,0.0822035017676969,0,0,0,0,0.594603467449877,0,0.330261314227405,0,0,0.430967178565269,0,0,0,0.1324947537817,0,0.690032847674435,0.102582049343127,0.0686617713537956,0.00464215061000235,0,0.29
"391",391,0,0.379868128422135,0,0,0.593260463684579,0,0,0,0,0.561917003963229,0.43826453228414,0,0.602642780323055,0,0,0,0,0,0.244756734500363,0.614792976195146,0,0.809534245400054,0.283252841542942,0.00358089910684222,0.0222771289667402,0,0.13
"392",392,0,0.297898804434353,0,0,0.841569132505762,0,0,0,1,0.971204895777835,0.758192278154253,0,0.810941326744459,0,0,0.695594049538616,0,0,0.919106844189559,0.211247596958672,0,0.763694937878205,0.867889352604891,0.283837919621795,0.119878080355492,0.337316838642388,0.17
"393",393,0,0.439115988614959,0.0192881370370274,0,0.16711801297725,0,0,0,0.95199391087886,1,0.767988736833647,0,0.777127177990689,0,0,0.530835351503096,0,0,0.872880834856067,0.405198944811331,0,0.736999272905861,0.914137109299563,0.315528146737747,0.16646315067439,0.461841383241235,0.18
"394",394,0,0.216513029069978,0.00650612039550187,0,0.406738945377998,0.0839421917885186,0,0,0.798802280276782,0.935105280541122,0.457449852871557,0,0.146507374999434,0,0.00385423020296813,0,0,0,0.591147240027918,0.249143916126107,0,0.679705367418119,0.858664124342933,0.242163421745414,0.46784680716917,0.314715885348304,0.1
"395",395,0,0.0785557207897801,0,0,0.611875364539212,0.125942831503737,0,0,0.0161870948024743,0.804797725250417,0.127127323114148,0,0,0,0,0,0,0,0.784054401058075,0.214397908184117,0,0.757046945228944,0.953946291971576,0.412959647615684,0.0655778136603652,0.0546089016905972,0.18
"396",396,0,0.162379752666644,0,0,0.625958559897071,0,0,0,1,0.937579902293032,0.346730330469362,0,0.00890473571659083,0,0,0,0,0,0.749683543567186,0.23912762893182,0,0.708240852796711,0.842704945554675,0.195000095965371,0.0488836820612659,0.218338466350452,0.21
"397",397,0,0,0,0.79170768650836,0.398273724168092,0,0,0,0,0.660669531800087,0,0,0,0,0,0,0,0,0.851117511022058,0.0578931706507569,0,0.42209427239217,0.880420994112881,0.263062145459019,0,0,0.33
"398",398,0,0.0437145502652213,0,0.84618516690883,0.392412705802069,0,0,0,0.135197348367135,0.877591028112388,0,0,0,0,0,0,0,0,0.810913078069479,0.0878746432142075,0,0.325325682880165,0.862861842076243,0.160245789582785,0,0.13335093905969,0.36
"399",399,0,0,0,0.819316745892627,0.375467536401261,0,0,0,0.0498695038078282,0.821257361480504,0,0,0,0,0,0,0,0,0.877062343268984,0.180754924023984,0,0.403489134970416,0.893390061145899,0.245792553220112,0.256010835208871,0.0456356067511878,0.23
"400",400,0,0.014171637608261,0,0.7097184254763,0.109642729596106,0,0.0475572326759678,0,0.0295524138950859,0.744470132006915,0.34603240896715,0.00885483103666205,0,0,0.0297360701582378,0,0,0.221076350955888,0.570911453140803,0.142562393452302,0,0.436009481961733,0.841552285842078,0.254886026310218,0.664808840025402,0.212848299463714,0.05
