"","cell_clustering","CD117_ckit","CD11b","CD11c","CD19","CD206_MMR","CD25_IL2R","CD38","CD3e","CD4","CD44","CD45R","CD49b","CD5","CD62L_L_selectin","CD69","CD8a","F4_80","FceR1a","Foxp3","Gata3","IA_IE_MHC_class_II","IgM","Ly6C","Ly6G","ROR_gamma_t","Tbet","proportion"
"1",1,0.0862100535921163,1,0.556324510028576,0.0172241899303211,0,0.0886460363696921,0,0,0.50359901308447,0.981283081755531,0.0312328662068051,0.116928830259979,0,0.332738263763598,0,0,0.598650216918116,0,0,0,0.0133662261116241,0,0,0.32905696829242,0.138827537814228,0,0.33
"2",2,0.0488598732611438,0.931658953706043,0.122009261151665,0,0,0,0,0,0.450100207149003,0.938358964691563,0,0.112789365314069,0,0.251080881407606,0,0,0.408158400424205,0,0,0,0,0,0,1,0.156552267427716,0,0.22
"3",3,0,0.888523905675194,0.464692223226208,0,0,0,0,0,0.220271909990215,0.78353729842426,0,0,0,0.150513732557635,0,0,0.198796848334982,0,0,0,0,0,0,0.00121533279510314,0.0161324500029555,0,0.28
"4",4,0,0.727725487609889,0,0,0,0,0,0,0,0.359352164047028,0,0,0,0.0987085318261808,0,0,0,0,0,0,0,0,0.474885920029675,1,0,0,0.12
"5",5,0,0,0,0,0,0,0.010727067784246,0,0.0525206474441438,0.489705408414201,0,1,0,0,0,0,0,0,0,0,0.0519714268740627,0,0.0268092885876408,0,0.0803167569599244,0,0.06
"6",6,0.0663881940248215,0,0,0,0,0.32027652784927,0.229539497352318,0,0.108274990096016,0.656929128947369,0,0,0,0,0.332899789542275,0,0,0,0,0.990899915835041,0,0,0,0,0,0,0.27
"7",7,0.175764665337055,0,0,0,0,0.568807255772415,0.608625214697053,0,0.320984266747957,0.838311521400147,0,0.0464219570557458,0,0,0.62528295204704,0,0,0,0,1,0,0,0,0,0.0463587573611866,0,0.28
"8",8,0.515288016057772,0,0,0,0,0.855942395144961,0.554600771826116,0,0.533697643003119,0.985818384071094,0,0.0965933593625144,0,0,0.858397142908033,0,0.021833601206468,0,0,0.997484471770511,0,0,0,0,0.129060048105127,0,0.3
"9",9,0.197700721437576,0,0,0,0,0,0.554730395831434,0,0.369339830638639,0.848987532850962,0,0,0,0,0.752768256525117,0,0,0,0,0.150234381821826,0.0201258373942138,0,0,0,0.22628435436028,0.284464141759388,0.27
"10",10,0,0,0,0,0,0,0.171885508984962,0.09037617623799,0.140050154428329,0.692040496423796,0,0,0.406051804418207,0,0.43429351351075,0,0,0,0,0.0921080581234538,0,0,0,0,0.312425539566573,0.0570259607863005,0.22
"11",11,0.050106507996565,0,0,0,0,0,0.377628881658238,0.115472928744879,0.41859349539048,0.896158026850813,0,0,0.508731144945567,0,0.626117358717512,0,0,0,0,0.187368586431372,0.0356657738162444,0,0,0,0.613351685160294,0.211279176623357,0.26
"12",12,0.288068426353398,0,0,0,0,0.614407798463727,0.696513124490739,0.813803506686543,0.854142164873828,0.744024202731807,0,0,0.929140766683737,0,0.789189910369657,0,0,0.168126274505462,1,0.872822331591976,0.0229930614829021,0,0,0,0.0769508200621042,0.218886993893679,0.21
"13",13,0.333399047671749,0,0,0,0,0.513288581222975,0.707224797045875,0.869632101379919,0.88789350571455,0.751964908167333,0,0,0.96984814782234,0,0.774560431287012,0,0,0.261309267119825,0.908749985135478,0.379465877759898,0.302977963160829,0,0,0,0.165898026034809,0.27782873015687,0.18
"14",14,0.370880080294158,0,0,0,0,0,0.264629188653963,0.467275630496228,0.932169251788261,0.809911622522981,0,0.230436254787298,0.949833363200901,0,0.00329000140757165,0,0,0.213311952827333,0.534160512556473,0.143491001137199,0.383515411065438,0,0,0,0.149974883676215,0.193175711095741,0.17
"15",15,0.38602554172587,0,0,0,0,0,0.0310114878571127,0.436390688184462,0.948235283663127,0.812786185314125,0,0.844411302270519,0.882874617833784,0,0,0,0,0.0825137576515482,0.144881731527947,0.256522559396562,0.0721921405061156,0,0,0,0.151821711400545,0.101732345315241,0.16
"16",16,0.446997018395261,0,0,0,0,0,0.0752891720303188,0.62989311542684,0.937241578593621,0.722554682475728,0,0,0.588460307847424,0,0,0,0,0,0,0.176897789177101,0.0636439335353292,0,0,0,0.054886305344877,0,0.25
"17",17,0.6577780240374,0,0,0,0,0,0.300064747677692,0,0.913367768779746,0.768258189525094,0,0,0,0,0.721819014671364,0,0,0,0,0.155581674186271,0.0705779484434776,0,0,0,0.132019555598022,0.290404862478157,0.1
"18",18,0.205933895028598,0,0,0,0,0,0,0.581355173133594,0.83422463637599,0.309563420244396,0,0,0.378932132472442,0.626622458807582,0,0,0,0,0,0,0,0,0,0,0,0,0.26
"19",19,0.349185545275174,0,0,0,0,0,0,0.705199504094826,0.923293567040204,0.42824747597588,0,0,0.813306604168547,0.908023026862745,0,0,0,0.0325566569979975,0,0.0431348842773362,0.245527827900498,0,0,0,0.00286118366358141,0,0.25
"20",20,0.278836144029478,0,0,0,0,0,0,0.770902447866794,0.907727461369947,0.317329080742174,0,0,0.833453613422528,0.953558111864801,0,0,0,0.0211942176246324,0,0.0207021543906106,0,0,0,0,0,0.00460511920578021,0.4
"21",21,0.0571640873170704,0.898115932275366,0.390241523937712,0,0,0,0,0,0.450045692906642,0.932280413403319,0,0.0761340662445552,0,0.156921072105413,0,0,0.262717303326542,0,0,0,0.274864009030692,0,0,0.0884057659804506,0.13393881169815,0,0.23
"22",22,0.0637005480795489,0.880617928584105,0.373620465143513,0,0,0,0,0,0.476252729297433,0.947341676045285,0,0.039677249215586,0,0.0946163634258649,0,0,0.201633546450219,0,0,0,0,0,0,0.0222477272509569,0.11712845243229,0,0.44
"23",23,0.0478295830992906,0.839388435878269,0.0712352154442701,0,0,0,0,0,0.446384750254969,0.929361814820026,0,0.107495653255526,0,0.139484751736481,0,0,0.212381556486989,0,0,0,0,0,0,0.068371370323314,0.104395469196872,0,0.35
"24",24,0,0.67675012305416,0.187610444946215,0,0,0,0,0,0.134582427915363,0.682277864896544,0,0,0,0.00591879892573743,0,0,0,0,0,0,0,0,0,0,0,0,0.29
"25",25,0,0,0,0,0,0,0.0213226923390856,0,0.0593422440394698,0.561588848317858,0,0,0,0,0.145426685534752,0,0,0,0,0.0142981374808111,0,0,0,0,0.0466995381792661,0,0.31
"26",26,0.0707382559041195,0,0,0,0,0,0.575762158780248,0,0.0607714037858367,0.586319604665251,0,0,0,0,0.380677672432165,0,0,0,0,0.0784920895949162,0,0,0,0,0.0100057127799038,0.174137898394724,0.2
"27",27,0.231035829443522,0,0,0,0,0.511952684548706,0.160874744939331,0,0.366960092001705,0.859627418441975,0,0,0,0,0.719711405481289,0,0,0,0,0.949197041678912,0,0,0,0,0.0496159789092421,0,0.3
"28",28,0.651560647297278,0,0,0,0,1,0.573464914140848,0,0.345770681929982,0.849406960732284,0,0,0,0,0.362821742926382,0,0,0,0,0.6148491802027,0.0416106388230527,0,0,0,0.0708143130686987,0,0.15
"29",29,0.0193625543205719,0,0,0,0,0,0.0542514138918506,0.602250020812464,0.390564308151076,0.870902942900941,0,0,0.247009045826346,0,0.00759683148996837,0,0,0,0,0.038857807016706,0.0337510357519562,0,0,0,0.580878333646967,0,0.17
"30",30,0.127798984171587,0,0,0,0,0,0.345409776678185,0.977239716942505,0.40203187008834,0.884969997011184,0,0,0.311624298983367,0,0.730526025590442,0,0,0,0,0.026121794420882,0.0158644656728356,0,0,0,0.71925999659245,0.0501644928162067,0.12
"31",31,0.279256917841405,0,0,0,0,0,0.653519663723056,0.775835056860985,0.866754610872532,0.685224506869294,0,0,0.821312871938777,0,0.654529064394312,0,0,0.0614984694577133,0.161136794379962,0.109902572511415,0.0400167640807655,0,0,0,0.0314051192038363,0.070177162500133,0.21
"32",32,0.330923325212154,0,0,0,0,0.308712354241085,0.624384092161542,0.937538136237739,0.892553191715099,0.748317072216095,0,0,1,0,0.759855975352282,0,0,0.321004380385253,0.947190102634549,0.0772985570467893,0.0244496580202045,0,0,0,0.294501805942005,0.454775135607944,0.2
"33",33,0.11938963007575,0,0,0,0,0.187011789657503,0.260764269853314,0.813172170777284,0.750486747050267,0.562777120680304,0,0,0.824828841702761,0,0.650748490307119,0,0,0.0408950667437787,0.910678208943065,0.150879812120615,0.00860954840271682,0,0,0,0.0936325891848938,0.0720034324107599,0.23
"34",34,0.20135813970197,0,0,0,0,0,0.0928555302714135,0.375652682082886,0.832504527664887,0.68555252915014,0,0,0.898025182358431,0,0,0,0,0.101832854336681,0.971110613445531,0.201511438575137,0.0292795286029378,0,0,0,0.132789441094673,0.09804178285897,0.3
"35",35,0.251348170121237,0,0,0.431955181937044,0,0,0.523679550976117,0.494804669543081,0.808685885055857,0.51389511149773,0.0856165880794872,0,0.745896493591099,0.408807120050848,0,0,0,0.204816863976348,0.0265973441907369,0.0512720641091199,0.727819670441958,0.186766558727379,0,0,0.077052305775217,0,0.05
"36",36,0.57884942512535,0,0,0,0,0,0.172402729510485,0.746058573020181,0.999143335191381,0.809162979058831,0,0,0.859882382872923,0,0.0280062237788392,0,0,0.0727853110899148,0.026474567733079,0.146998695420626,0.0919092183979281,0,0,0,0.117919620064582,0.0925881835858672,0.25
"37",37,0.12754181768473,0,0,0,0,0.114235930024483,0,0.451964257473605,0.778798673872752,0.446911786158211,0,0,0.792057696983157,0.784093812452879,0,0,0,0,0.923419801897438,0.13815378585206,0,0,0,0,0,0,0.13
"38",38,0.255202750530062,0,0,0,0,0,0,0.683589184634776,0.860616391396176,0.381444000383291,0,0,0.729822917751071,0.523593287792759,0,0,0,0,0,0.0136063640332003,0,0,0,0,0,0,0.4
"39",39,0.362675508062232,0,0,0,0,0,0,0.752349894170775,0.91807594282049,0.421435352539544,0,0,0.573323069218022,0.859390658775936,0,0,0,0,0,0.0192198602518032,0,0,0,0,0,0,0.42
"40",40,0.364314919501406,0,0,0,0,0,0,0.701986445623855,0.932803850056622,0.513521094212371,0,0,0.818968462562315,0.892715344531667,0,0,0,0.0159216784079803,0,0.0384953155789524,0,0,0,0,0.0184738507168259,0.0001830722873186,0.32
"41",41,0.0730753213336233,1,0.180690686195101,0.0525096886729347,0.604140639773171,0.154245728495148,0,0,0.475850658803727,0.976621448927552,0.0638200079895722,0,0,0.475884999698512,0,0,0.674249698718325,0.0604055315119757,0,0,0.290657059676355,0,0.968439515465313,0,0.184260125336727,0.431733644845299,0.04
"42",42,0.131340161266879,0.820163399388597,0.725517468460864,0,0.789245016202994,0,0.667363047338727,0,0.197569961593551,0.685378021131459,0,0,0,0.0874427202778988,0,0,0.655376383033489,0.37213786023537,0,0,0.935740427336099,0,0,0,0.160034950041637,0,0.16
"43",43,0.0916814118332976,0.866935586873664,0.0686801659989095,0,1,0,0.150762576815779,0,0.444923630229481,0.841695686087739,0,1,0,0.129632942524033,0,0,1,0.0751218536308335,0,0,0.515849186710217,0,0.00846456054956979,0,0.199391084521856,0,0.1
"44",44,0,0.588187716456732,0,0,1,0,0,0,0.171466428091063,0.576601756183075,0,0.600174840228139,0,0,0,0,0.545989491797735,0,0,0,0.178596838431693,0,0,0,0.0361294196278856,0,0.1
"45",45,0.0961119421522428,0,0,0,0,0,0.0581160905516827,0,0,0.418630477633279,0,0,0,0,0.596301431487938,0,0,0,0,0.0147004579476389,0,0,0,0,0,0.191163454554717,0.27
"46",46,0.092229991470357,0,0,0,0,0,0.0728942592897908,0,0.170867044869357,0.69844362309826,0,0,0,0,0.695966377994613,0,0,0,0,0.0633593478345679,0,0,0,0,0,0.0461702629585952,0.36
"47",47,0.21276608409259,0,0,0,0,0,0.399799190657987,0,0.163308534526779,0.694798040382803,0,0,0,0,0.664514951355724,0,0,0,0,0.180367495768793,0,0,0,0,0.0567236889889331,0.901013223093753,0.29
"48",48,0.786771977242777,0,0,0,0,0,0.287527676218921,0,0.0763307688730589,0.633633989640226,0,0,0,0,0.739836309567127,0,0,0,0,0.0694518855735731,0,0,0,0,0.0458192737513784,0.464478934791223,0.28
"49",49,0.481149902851574,0,0,0,0,0.291985589972246,0.127599848869929,0,0.473016986058185,0.930083485891455,0,0,0,0,0.818533903680141,0,0,0,0,0.182517130498151,0.0121937315542593,0,0,0,0.146133787259802,0.0420965344347807,0.26
"50",50,0.673635435520908,0,0.58928330375402,0,0,0,0.317459719504486,0,0.931379261018992,0.754806058126959,0,0.115466960739676,0,0,0.67796701234249,0,0,0,0,0.103613253848014,0.0988152007184247,0,0,0,0.105762939668521,0.464908774678297,0.06
"51",51,0.462860728819172,0,0,0,0,0,0.218565880827979,0.536884596232451,0.968885375486171,0.807603104519959,0,0,0.948013874809561,0,0.669309155091085,0,0,0.190620283752579,0.178567755513673,0.125136324555939,0.283426893717765,0,0,0,0.118101178275361,0.342547095381117,0.18
"52",52,0.417084215628319,0,0,0,0,0,0.165460311924405,0.302742286167878,0.957365576237139,0.804350842772295,0,0,0.988653705419054,0,0.656074412263661,0,0,0.221738855992445,0.204644634768738,0.152067347917917,0,0,0,0,0.132276193987609,0.521535618763695,0.25
"53",53,0.217970394046087,0,0,0,0,0.135663733842292,0.432590713383855,0.353940683568407,0.784705317322687,0.663319462171466,0,0,0.848771094083798,0,0.518748764862182,0,0,0.0479584265975206,0.995699939939691,0.80192763061265,0.0702277344261638,0,0,0,0.0474018757436407,0.0716633358885404,0.21
"54",54,0.151627743559497,0,0,0,0,0.131253396213937,0.587269655429847,0.7136249978189,0.789788481912664,0.620882921921795,0,0,0.89008174993116,0,0.136174370740408,0,0,0.102045497252163,0.973134817973501,0.231085124555491,0.0534942985923762,0,0,0,0.133166851341396,0.0861195789017685,0.21
"55",55,0.427347176757135,0,0,0,0,0,0.0767675347117131,0.445700487922097,0.971633224835267,0.760293216825315,0,0,1,0,0,0,0,0.407834444888701,0.316966112643817,0.101679825490498,0.0607893363022499,0,0,0,0.185199175228277,0.602786284982003,0.25
"56",56,0.166114930141504,0,0,0,0,0,0.549234150346151,0.358771064808504,0.807316484205295,0.604172935391519,0,0,0.864329877245136,0,0.133532107077891,0,0,0.0774995144539803,0.102822686232367,0.0562719331247234,0.0194462588155352,0,0,0,0,0.076678702204219,0.25
"57",57,0.248968832651498,0,0,0,0,0,0,0.748557548965329,0.859148847156977,0.51757255837963,0,0,0.806842390366643,0,0,0,0,0.0160916320292111,0,0.0467734052240673,0,0,0,0,0,0.00992426659007058,0.35
"58",58,0.163734064358454,0,0,0,0,0,0,0.28061769883019,0.834965664158984,0.338139891656749,0,0,0.734558272748793,0.756484786020436,0,0,0,0,0,0.020147446422594,0,0,0,0,0,0,0.38
"59",59,0.0410308250237622,0,0,0,0,0,0,0.498681578165574,0.708275920215679,0.105535636479002,0,0,0.593460209874501,0.547386692719968,0,0,0,0,0,0,0,0,0,0,0,0,0.37
"60",60,0.249220107747355,0,0,0,0,0,0,0.666983703681612,0.86208347958418,0.0832286481570613,0,0,0.768344908681065,0.828868478933648,0,0,0,0,0,0.013382017705641,0,0,0,0,0,0,0.4
"61",61,0.275740779341814,1,0.261282187828386,0.0436941713393514,0.691590884831465,0.134241215875798,0.749341719576922,0,0.406480600609915,0.899368114725525,0.0472457881360866,0,0,0.41439449249445,0,0,0.669242134662621,0.521387042462213,0,0,1,0,0.895621368886274,0,0.206733114322467,0.272232100851864,0.08
"62",62,0.363741075929032,0.939725760742359,0.141550080893774,0,1,0,0.898106031079353,0,0.587338445845427,0.889783761594949,0,0.844131986009349,0,0.178688480745483,0,0,1,0.596152794372768,0,0,1,0,0.0229721191754064,0,0.248602875439496,0,0.11
"63",63,0,0.494736357289337,0,0,1,0,0.247515128749678,0,0.14658565644651,0.460350945234321,0,0.304596439066803,0,0,0,0,0.310593718578059,0.019511019035626,0,0,0.699521792267204,0,0,0,0.0274557321838489,0,0.14
"64",64,0,0.162416433218004,0,0,0.725037079697065,0,0.184132187046198,0,0.0020433574730841,0.152648095032567,0,0,0,0,0,0,0,0,0,0,0.62110420405733,0,0,0,0,0,0.2
"65",65,0.0644007579481728,0,0.520286258759542,0,0,0,0.0916003521954785,0,0.0394024011857389,0.479240458423568,0,0,0,0,0.299537115009256,0,0,0,0,0.0267028423060131,0,0,0,0,0,0.120306196046515,0.19
"66",66,0.466886609241228,0,0.469215184686149,0,0,0,0.404142801558271,0,0.142569755616159,0.670313489886232,0,0.0306591308650358,0,0,0.680767144857571,0,0,0,0,0.110073966983737,0,0,0,0,0.028807424672047,0.56906394855219,0.27
"67",67,0.695690849927507,0,0,0,0,0,0.297487119423483,0,0.273542693302203,0.762375994488039,0,0.0716460462184952,0,0,0.377218689413787,0,0,0,0,0.14926837978388,0.0102461504940694,0,0,0,0.0349929807385659,0.346914474104906,0.22
"68",68,1,0,0,0,0,0.300246286851474,0.60395684745726,0,0.215157110018041,0.732476476708737,0,0,0,0,0.986387971356117,0,0.160446565204424,0,0,0.249243610044036,0.00892869834561998,0,0,0,1,0.136039581358196,0.15
"69",69,0.858004203728741,0,0,0,0,0,0.557587050962404,0,0.32829518816206,0.820407911192811,0,0.0305074161362703,0,0,0.817805711343098,0,0,0,0,0.145573343052638,0,0,0,0,0.090575809773459,0.756507999110291,0.32
"70",70,1,0,0,0,0,1,0.583681709871906,0,1,0.715340493187865,0,0,0,0,1,0,0.257898736657145,0,0,0.0970942147632967,0.135722233604037,0,0,0,1,0.0758600747307943,0.07
"71",71,0.473516427608082,0,0,0,0,0,0.170558035354597,0.472314710287621,0.958154286999569,0.7929042860611,0,0,0.590593017698493,0,0.686294297737391,0,0,0,0,0.244079794297028,0.0687777304284572,0,0,0,0.0556448879114336,0.132533267827763,0.2
"72",72,0.165599073337201,0,0,0,0,0,0.0545629066529092,0.334203873213626,0.808271975359328,0.608654125661469,0,0,0.861915803183708,0,0.568232901238064,0,0,0.0726992352751274,0.0633480273002949,0.030911191964935,0,0,0,0,0,0.125236060960491,0.29
"73",73,0.0347374823156364,0,0,0,0,0,0.0807827837901189,0.477651234461879,0.651559435454691,0.403575129481142,0,0,0.668107043603467,0,0.594065240442022,0,0,0,0.024264895416463,0.0106814955622209,0,0,0,0,0,0,0.2
"74",74,0.0402010379074954,0,0,0,0,0,0.13694175210842,0.28744851437832,0.667335631272824,0.428373283919558,0,0,0.720221940400531,0,0.067467238483002,0,0,0,0.94962812384186,0.191123595607363,0,0,0,0,0.0384226612645451,0,0.29
"75",75,0.0901212930611943,0,0,0,0,0,0.0101047399808717,0.18291810944744,0.735925710372165,0.596272036587743,0,0,0.596023443084171,0,0.00528164945784844,0,0,0,0,0.0514624765950374,0,0,0,0,0,0,0.28
"76",76,0.217488176388669,0,0,0,0,0,0,0.204352816898947,0.852529366550513,0.672795943842549,0,0,0.898656863755553,0,0,0,0,0.0794776557414576,0.0538010878646156,0.0795808995811521,0,0,0,0,0.0487300489661753,0.112111303561355,0.38
"77",77,0.189131236671017,0,0,0,0,0,0.0632052911767881,0.301049892418813,0.817015869123899,0.595968144579352,0,0,0.838594638712153,0,0,0,0,0.0613045465304305,0.100900315611145,0.0947607335092214,0.285869819380934,0,0,0,0.0299289505666718,0.0374450058027359,0.26
"78",78,0.170024853883388,0,0,0,0,0,0,0.571848640093127,0.803450901286345,0.168842019305912,0,0,0.760285533645769,0.0174316602553193,0,0,0,0,0,9.5347584494746e-05,0,0,0,0,0,0,0.28
"79",79,0.222699201212234,0,0,0,0,0,0,0.5908335541868,0.853323488873943,0.290972211091279,0,0,0.633128221007543,0.682483547833394,0,0,0,0,0,0.0157832571892434,0.269313025988101,0,0,0,0,0,0.23
"80",80,0.295996755230454,0,0.563137461207343,0,0,0,0,0.659244113414556,0.884728191190551,0.342927044806806,0.0191671813365962,0,0.723286225190503,0.782930425116428,0,0,0,0.291270248115771,0.00331420827808803,0.0872850634465442,0.0232309648161526,0,0,0.207338947907903,0,0,0.15
"81",81,0.397183303998684,1,0.981386259589615,0.056591731922656,0.897635403030151,0.13387550226128,0.841151166842587,0,0.470535205330391,0.935984491697902,0.0625455940950087,0.0522818365263346,0,0.33911361278165,0.0505213068008199,0,0.523085945241659,0.554906698379595,0,0,1,0,0.027337168581945,0,0.29145736504845,0,0.15
"82",82,0.393843528325189,0.910715741917661,0.732448101886867,0,1,0,0.974572478284474,0,0.59347900311244,0.813177248106892,0,0.0869388332580378,0,0.155224351076034,0,0,1,0.67023986134178,0,0,1,0,0,0,0.243247056614847,0,0.12
"83",83,0.194075868953629,0.700331380054986,0.0477464116854318,0,1,0,0.785446157372744,0,0.374320919648531,0.634313237786745,0,0.240335958768027,0,0.0142570977836675,0,0,0.785165215545063,0.445387865196405,0,0,0.950169949499812,0,0,0,0.115705456111698,0,0.19
"84",84,0.0532559246416965,0.546232778566735,0.0414468317171914,0,0.803085952826351,0,0.604796223010761,0,0.175854162189911,0.444545126925021,0,0,0,0,0,0,0.200152122245701,0.240847024843718,0,0,0.869455298500803,0,0,0,0.0317040837605466,0,0.19
"85",85,0.180527083053842,0,0.145517935216898,0,0,0,0.228637747562627,0,0.0903661016667014,0.6009816306996,0,0.948283249412248,0,0.894954210893943,0.485504441255636,0,0,0,0,0.0488268532136936,0.00877837725532063,0,0,0,0.0664281372378164,0.468303025045297,0.1
"86",86,0.332177487395133,0,0.538902801543162,0,0,0.657848521166104,0.419564160064774,0,0.406630421135732,0.892111224230582,0.0786583054767907,0.0565247074688455,0,0,0.719841600358946,0,0.133174726176671,0.259278951000663,0,0.938462353827148,0.0366825390225498,0,0,0.259085504021262,0.114235865225876,0.0109055178695795,0.1
"87",87,0.90621470204491,0,0.569263566445676,0,0,0,0.536654362707652,0,0.322685306109255,0.806249922090068,0,0.0951858445254474,0,0,0.854765001743381,0,0.0796018627997441,0,0,0.134030959085529,0.158498621327893,0,0,0,0.14227506705223,0.648474385115636,0.2
"88",88,1,0,0,0,0,0,0,0,0.192173841160279,0.649469836442982,0,0.359897885174268,0,0,0.137620991232611,0,0,1,0,0,0.153665071249873,0,0,0,0,0,0.1
"89",89,0.930151725335491,0,0,0,0,0,0.645762492765804,0,0.486784120191175,0.939901943359443,0,0.01883084304226,0,0,0.963523176866952,0,0.120680773618336,0,0,0.144257291944932,0.20102631615365,0,0,0,0.404153334413537,0.469847778847797,0.2
"90",90,0.0454501245194451,0,0,0.174968104557374,0,0,0.652522465605781,0,0.255179956571622,0.755705733191658,0,0,0,0.0352343323692261,0.448727762681922,0,0,0.116807232283964,0,0,0.814528312348047,0,0.83401994384057,0,0.0815323204636504,0.196569664490037,0.13
"91",91,0.0125219813212774,0,0.650189948976682,0,0,0,0.527978992710762,0,0.134721365615233,0.598499472034844,0.0752108834813083,0,0,0.159925592894947,0.630650553572888,0,0.122109776940847,0.230243841119776,0,0.0245650687651141,0.655481162181029,0,0.94501427929951,0.246284431319385,0.109479263981364,0.514825354650312,0.06
"92",92,0,0,0,0,0,0,0.863767668065768,0,0.263932973387076,0.759546062903109,0,0.606192942325131,0,0,0,0,0,0,0,0,0.128777023823231,0,0.665304108283043,0,0.211824055464031,0.0392958506278571,0.04
"93",93,0.260515006702634,0,0,0,0,0,0.323296457960659,0.448766722159874,0.853671022330179,0.654380356941731,0,0,0.848059475243106,0,0.13453769503377,0,0,0.0807198328665865,0.181257246148877,0.127059486692792,0.115238731628729,0,0.543379765950216,0,0.0662091727172159,0.264972931625587,0.05
"94",94,0.254620308933644,0,0,0,0,0,0,0.663903945639943,0.881814196080994,0.347650699620124,0,0,0.73393605785356,0.800732586856294,0,0,0,0,0,0.0306783097309655,0.0379093924160583,0,0.354037292488705,0,0,0,0.06
"95",95,0.04078924464168,0,0,0,0,0,0,0.154123402297073,0.685325054335228,0.436666322240216,0,0,0.782392406843894,0,0,0,0,0,0.000331635496947251,0,0,0,0,0,0,0,0.38
"96",96,0.173052919372493,0,0,0,0,0,0.00178534001005659,0.291714164918261,0.756190449482045,0.538461943622208,0,0,0.17057092286893,0,0.0289491519958234,0,0,0,0,0.0529304674973912,0.000404940678242746,0,0,0,0,0,0.12
"97",97,0.165106095585115,0,0,0,0,0,0,0.642552483981958,0.798796316207776,0.359989411011286,0,0,0.527818535565125,0,0,0,0,0,0,0,0,0,0,0,0,0,0.3
"98",98,0,0,0,0,0,0,0,0.199465718385467,0.580237131487856,0.072772479364553,0,0,0.563804162272244,0,0,0,0,0,0,0,0,0,0,0,0,0,0.3
"99",99,0.281118957806719,0,0.60696200161461,0,0,0,0.0779704591468733,0.408745457750165,0.853686987410534,0.632049585631775,0.0613967914284662,0,0.821934252764876,0,0.0844962467541894,0,0.00654110558768927,0.398094231382617,0.142228179430871,0.162464903737125,0.0679178892234335,0,0,0.307940228998682,0.0697978028886204,0.117677180497658,0.19
"100",100,0.321131899454416,0,0.57768797990171,0,0,0.223516234290345,0.509444524973716,0.668518632341623,0.860213851119163,0.698895893551659,0.09345296208577,0,0.915440644265541,0,0.647026454937671,0,0.135896988989341,0.554354561397997,0.713861914437889,0.378526063876144,0.124988019893109,0,0.00474150390498275,0.342800932700484,0.1420482622199,0.271686753868182,0.12
"101",101,0.449976752940656,0.917598401513871,0.975700028260746,0,0.119389979570742,0,0.680252416988305,0,0.353444469660058,0.824470934864263,0,0,0,0.178531717511854,0.0133802349520365,0,0.0955116802088827,0.381608353495702,0,0,0.973607746380881,0,0,0,0.195528413656242,0,0.12
"102",102,0.377250275800365,0.950282300380291,0.309779975685284,0,0.838687260550653,0,0.902706938802121,0,0.407900501515587,0.839787555382785,0,0,0,0.188257139369418,0,0,0.79573402598158,0.659502168563683,0,0,1,0,0.0114369387961717,0,0.183620159497088,0,0.13
"103",103,0.157695633268058,0.578225931569503,0.56021939530113,0,0.682460979739909,0,0.730539220526025,0,0.499096633921241,0.513201450617036,0,0,0,0,0,0,0.532345417279424,0.359766713725103,0,0,0.907707759015968,0,0,0,0.102631400783795,0,0.14
"104",104,0,0.0631220471545041,0,0.612361018134441,0.648925262887006,0,0.597809802979349,0,0.0087984672080569,0.253507955150729,0.226784518580829,0,0,0.272768042468776,0,0,0,0.115711178667806,0,0,0.7920354914277,0.417975003836101,0,0,0,0,0.23
"105",105,0.232073508544563,0.994620999151174,0.704963741022448,0.0119859934327846,0.215941119203797,0.0302309545268307,0.712128913637156,0,0.325936947085689,0.81929664757911,0.00386589856539213,0,0,0.290640714125394,0.0400322757975874,0,0.327324968446296,0.432852403767569,0,0,0.995095582174062,0,0.721250474673645,0,0.198153723572517,0.0777865843630401,0.07
"106",106,0.736924160023018,0,0,0,0,0,0.561016745613524,0,0.260389612211335,0.779687565374849,0,0.0446901392076344,0,0,0.778071775996951,0,0,0,0,0.139371578374203,0.268573300810678,0,0,0,0.103219773646676,0.786677987355171,0.22
"107",107,0.356534425103964,0,0,0,0,0.647346730957114,0.507873159932257,0,0.427839101995121,0.908388948504385,0,0.118386821359113,0,0,0.735518017445232,0,0,0,0,1,0.276007724581623,0,0,0,0.0997408530278831,0,0.18
"108",108,1,0,0,0,0,0.392177351183323,0.574998530843614,0,0.111530090014673,0.606692071103699,0,0,0,0,1,0,0.214588200380728,0,0,0.204690913414482,0.35482003687184,0,0,0,1,0.101099316865189,0.07
"109",109,1,0,0,0,0,0.759381366345608,0.513679531090198,0,1,0.755192788129586,0,0,0,0,0.924410871333784,0,0.083421946401475,0.030829998805484,0,0.109716900227976,0.557445794619074,0,0,0,0.81441353886006,0.00704266761903277,0.04
"110",110,0.0907525726783014,0,0,0.0157875489538782,0,0,0.731058847413154,0,0.409934066518683,0.89920634686981,0,0,0,0.160936695284066,0.91647361932647,0,0.0812745529375643,0.0978073536394665,0,0.0359035980348819,0.801496496990299,0,1,0,0.129737699869164,0.64631885946678,0.16
"111",111,0,0,0,0,0,0,0.722868192493458,0,0.148057042124002,0.706851915724394,0,0,0,0.339981410240859,0.894372098023306,0,0.0624470045610379,0.0110374953211191,0,0.0392924321165128,0.731673772311093,0,1,0,0.140855051332016,1,0.22
"112",112,0,0,0,0,0,0,0.38831983868756,0,0.164390124239664,0.688618110429518,0,0,0,0.0618074821659519,0.899443468159128,0,0.0619132191999107,0,0,0,0.605833498950104,0,0.909878820998132,0,0.0407883433552188,0.403738501191115,0.21
"113",113,0,1,0,0.0037177235454107,0,0.0178335788548323,0,0,0.0798864958154728,0.677779840661651,0,0,0,0.581027067701465,0,0,0.190948716402802,0,0,0,0.00260791481094133,0,1,0,0.110479646500293,1,0.13
"114",114,0,0,0,0,0,0,0.203435317227019,0.196634468196761,0.0553061445028852,0.567377352696159,0,0.352307745437144,0.411931376251274,0.936838782986693,0.211077237693153,0,0,0,0,0.0444910007924392,0,0,0.742284666967872,0,0.0498654005011635,0.526977896358705,0.1
"115",115,0,0,0,0,0,0,0.312693417989641,0.100522474500025,0.290045424915371,0.781935573839625,0,0,0.345459551399149,0,0.555876196833565,0.977354184268969,0,0,0,0.123950573993209,0.0229360506901201,0,0,0,0.331770607505326,0.244265044795426,0.1
"116",116,0,0,0,0,0,0,0.392802571048499,0.253466610307598,0.128522437642962,0.631558701772244,0,0,0.717427726957698,0,0.143210175652316,1,0,0,0,0.0123826805033678,0.00156377293352942,0,0,0,0.0557120249212575,0.216678242469985,0.15
"117",117,0,0,0,0,0,0,0,0.0429354637897909,0.453876787815565,0.34600896636243,0,0,0.556628341559728,0,0,0,0,0,0,0,0,0,0,0,0,0,0.29
"118",118,0,0,0,0,0,0,0,0.14811061461349,0.511621636428005,0.128033604130227,0,0,0.263134150882911,0,0,0,0,0,0,0,0,0,0,0,0,0,0.21
"119",119,0.0943447557929669,0,0.691550602330796,0,0,0,0,0.311736443261873,0.658375118634439,0.266223326641488,0.114360253036312,0,0.610836499661976,0.0180597715331957,0.0263408742024409,0,0.0541789987518186,0.293155175594908,0.031508959787934,0.0613983015283989,0.00360110907679177,0,0,0.43769111547417,0,0,0.16
"120",120,0.0101520730814237,0,0.69424031607345,0,0,0,0.0235024901821564,0.413881179941159,0.0514244160835117,0.310379440919007,0.126620972969688,0.058126980222514,0.503745967405661,0.371672744032196,0.0347923490380158,0.935603228008823,0.118998256413673,0.512749042594411,0,0.0468167119943583,0.0570954072146804,0.0167134321556296,0.245043758808017,0.411707027170995,0,0.0165615486129159,0.06
"121",121,0.965697511341426,0.545067295831043,0.915237393489101,0,0,0,0.571272157371152,0,0.410037719079194,0.872576201351661,0,0,0.275780972485541,0.616276498736781,0,0,0,0.294829199396656,0,0,0.928535614372654,0,0,0,0.288871451752096,0,0.05
"122",122,0.10435003393497,0.678195195600617,0.750224926141706,0,0.0054555122483521,0,0.304042532772468,0,0.0989266570486039,0.563967909515857,0,0,0,0.0375831253407869,0,0,0,0.0814964140926882,0,0,0.795940065774163,0,0,0,0.0423869585212503,0,0.13
"123",123,0,0.405134328663072,0.514588486827336,0,0.622216285994424,0,0.358042081292029,0,0.141394801895629,0.346691986196317,0,0,0,0,0,0,0.191393652595225,0.115024302251296,0,0,0.758780529828345,0,0,0,0.0658026380756385,0,0.14
"124",124,0,0.462104542554808,0.107000147320803,0,0.167186589971514,0,0.234602686379285,0,0.039899097012043,0.325325187456472,0,0,0,0,0,0,0,0.0090205670313888,0,0,0.717947401410071,0,0,0,0,0,0.16
"125",125,0,0,0,0.232817013749492,0,0,0.42094373405959,0,0,0.222099437954177,0,0,0,0,0,0,0,0,0,0,0.589622661005276,0.00962705954543105,0,0,0,0,0.3
"126",126,0,0,0,0.634690073410476,0,0,0.420995874340303,0,0,0.220118235060458,0.0717372026981455,0,0,0.00521059607589705,0,0,0,0,0,0,0.641134786548067,0.043803671251189,0,0,0,0,0.36
"127",127,0.00814501873118508,0,0,0.390399995780945,0,0,0.612224254613523,0,0.0874267648129725,0.519173225027038,0.109366830514705,0,0,0,0,0,0,0.143410890516875,0,0,0.8238086477155,0,0,0,0,0,0.21
"128",128,0,0,0,0.778267737434768,0,0,0.474402060635194,0,0.139328450491841,0.599669146763428,0.0806636385392847,0,0,0,0,0,0,0.0585847219832907,0,0,0.77429830482948,0,0,0,0,0,0.19
"129",129,0.0198464411717603,1,0.151906583810799,0.0377227543340078,0.0700178821042925,0.0910836797485197,0.247601912199644,0,0.192953065175134,0.769573465661127,0.0234109164094184,0,0,0.50434722616582,0,0,0.413881205379729,0.104996174322443,0,0,0.824627436238895,0,1,0,0.14482638558405,0.835685669787857,0.08
"130",130,0.0239671344929346,0.63966869468469,0,0.0529963446013432,0,0,0.51275023836607,0,0.208372124536985,0.690271163552476,0,0,0,0.106615750487938,0.0298531548399912,0,0,0.102272164688313,0,0,0.815977258597314,0,0.755415495580508,0,0.0508132211211216,0.0949373648546537,0.08
"131",131,0,0,0,0,0,0,0.591022083690477,0,0.00146350431277886,0.410480004296375,0,0,0,0.336206654817711,0.839965106483389,0,0.0310731751284527,0,0,0.0363749345618174,0.552958181234626,0,1,0,0.113988595345387,1,0.15
"132",132,0,0,0,0,0,0,0.149470991659802,0,0,0.353090726949891,0,0,0,0.0239956939919949,0.727151379905873,0,0,0,0,0,0.41499432710973,0,0.825308254539551,0,0,0.240258632633664,0.16
"133",133,0,0.00743593430436679,0,0,0,0,0,0,0.0146089652716017,0.375837079643699,0,0.954233430692117,0,0,0,0,0,0,0,0,0.0802957827766694,0,0.601849925301285,0,0.180600008061002,0,0.15
"134",134,0.00518122093100847,0,0.670841233568037,0,0,0,0.180786481782512,0,0.380757566456226,0.645709368573447,0,0,0.0264205436311998,0.144625372036246,0,0.284119731095069,0,0,0,0,0.390918501101402,0,0.859999490530977,0,0.127841275870695,0.280941907484804,0.06
"135",135,0,0,0,0,0,0,0,0.305548415188959,0,0.357499374693489,0,0,0.685195049393944,0.956617198139529,0,1,0,0,0,0,0,0,0.630802250531083,0,0.0171186259913302,0.0952563419755377,0.27
"136",136,0,0,0,0,0,0,0,0.412790494762266,0.00208779493141215,0.398173121502921,0,0,0.621648158884729,0.904855353599388,0,1,0,0,0,0,0,0,0,0,0,0,0.19
"137",137,0,0,0,0,0,0,0,0.243062037360824,0,0.325262736455445,0,0,0.549383293143961,0.878157267475075,0,0,0,0,0,0,0,0,0,0,0,0,0.09
"138",138,0,0,0,0,0,0,0,0,0.12372807746026,0.0650447914250799,0,0,0.406898930829175,0,0,0,0,0,0,0,0,0,0,0,0,0,0.23
"139",139,0,0,0.68856354771675,0,0,0,0.16711730226772,0,0,0.0333463630622765,0.100340764912595,0,0,0.0807062589792951,0,0,0.0306330101986156,0.295277288665532,0,0,0.0293821008688765,0,0.74931196986997,0.415286684601059,0.0109426429090047,0.168191467356999,0.17
"140",140,0,0,1,0,0,0,0,0,0,0,0,0,0,0,0,0,0,0,0,0,0,0,0,0,0,0,0.13
"141",141,0.941611006096023,0.282676830361111,1,0,0,0,0.702738187423609,0,0.422486681740443,0.877103111553729,0,0,0.0681652696272103,0,0,0,0,0.411876676562001,0,0.053335344931978,0.970317628634141,0,0,0,0.401487827585309,0,0.2
"142",142,0.594906172330839,0.0940911043529969,1,0,0,0,0.43846035147454,0,0.197211248660694,0.690032544849766,0,0,0,0,0,0,0,0.166289032430557,0,0.000333245036384417,0.853075129991568,0,0,0,0.260663445928579,0,0.21
"143",143,0,0,0.560106999408098,0,0,0,0,0,0,0.0154043738357535,0.0365153618150811,0,0,0,0,0,0,0.201380308910094,0,0,0.323548746767822,0,0,0.243186957219884,0,0,0.29
"144",144,0.122237831355464,0.0413356393379066,0.765220706826417,0,0,0,0.16623429663619,0,0.0313899149336965,0.423999622058828,0,0,0,0,0,0,0,0,0,0,0.671608833155993,0,0,0,0.069557459387378,0,0.15
"145",145,0,0,0,0.48114981352921,0,0,0.565430412553847,0,0,0.200209547747652,0.0443703837849583,0,0,0,0,0,0,0.0151840197573887,0,0,0.759363930595028,0.0197549000164649,0,0,0,0,0.46
"146",146,0,0,0,0.126293580533164,0,0,0.488385507903823,0,0,0.253781466387022,0.063534446033726,0,0,0,0,0,0,0.0520764995096413,0,0,0.758706808324727,0.00148013316220616,0,0,0,0,0.41
"147",147,0.714804829927238,0,0,0,0,0.0561661893592237,0.538784362007538,0,0.345104735943308,0.807843135050103,0,0,0,0,0.771099340418524,0,0,0.0335131408710419,0,0.173408416174338,0.644497889643967,0,0,0,0.501934795838279,0.0503861762885741,0.07
"148",148,0.105291543206683,0,0,0.883099090933644,0,0,0.824963672890032,0,0.226901995582245,0.667734579875616,0.387448949539258,0,0,0,0,0,0,0.324769521398741,0,0,0.908082764266803,0,0,0,0,0,0.16
"149",149,0,0,0,0.49505672141676,0,0,0.547416916866634,0,0,0.0418258755359448,0.141901455575917,0,0,0.0818620879052176,0,0,0,0.0654750185813615,0,0,0.771712754140116,0.125485409804057,0.2571602273091,0,0,0,0.26
"150",150,0,0,0,0.723917238432818,0,0,0.695412845640834,0,0,0.210984403076042,0.366071405654539,0,0,0.575771737157982,0,0,0,0.160750655546896,0,0,0.82827691335823,0.528610824832922,0.333414139270541,0,0,0,0.21
"151",151,0,0,0,0,0,0,0.520418468246548,0,0.0374360441532814,0.532206376273279,0,0,0,0.145395053269951,0.519108132371667,0,0,0,0,0,0.642632378796257,0,0.983080210254795,0,0.0632324275456138,0.52936094625055,0.18
"152",152,0.0176704147051715,0,0,0,0,0,0.319313301769923,0,0.129165826820116,0.647298303729319,0,0,0,0.0208692317052089,0.717396186264092,0,0,0,0,0.0260009031318753,0.0574318291114334,0,0.685913349048425,0,0.048284304995145,0.504957579471926,0.08
"153",153,0,0,0,0,0,0,0.614917056167861,0,0,0,0,0.0185790051484046,0,0.193833855821956,0,0,0,0,0,0,0,0,1,0,0.0353113914443903,0.624122443271282,0.2
"154",154,0,0,0,0,0,0,0.129587137570002,0.15597235102046,0.0620688970959426,0.536778962398935,0,0.00938512875903401,0.47694577907726,0.207470642393333,0.164768907536467,0,0,0,0,0.0275846158464833,0,0,0.67962006291067,0,0.0185215299740931,0.382368950766046,0.06
"155",155,0,0,0,0,0,0,0.0652642495944035,0.247791744217302,0.049099014817376,0.536332984485572,0,0,0.666098574523748,0.0389811201945792,0,1,0,0,0,0.00790698573898314,0,0,0.68389665583567,0,0.0590859949710019,0.411165701012325,0.08
"156",156,0,0,0,0,0,0,0,0.38666078044768,0,0.109754176486394,0,0,0.486956009963725,0.764320928230582,0,1,0,0,0,0,0,0,0,0,0,0,0.23
"157",157,0,0,0,0,0,0,0.012766521494507,0.223709254708681,0,0.409789077037485,0,0,0.519482133614844,0,0,0.955158907070752,0,0,0,0,0,0,0,0,0,0,0.16
"158",158,0.19604434253448,0,0.8213591897246,0,0,0.0214255339498289,0.206570055294159,0,0.198372037765582,0.686223789699231,0.17473064711507,0,0.0100263302754737,0,0.556325691954808,0,0.191049378594202,0.258656567934277,0,0.208137097295796,0.0335506485365679,0,0,0.46154263790243,0.141042889512024,0.196981710838992,0.11
"159",159,0,0,0.758578204148686,0,0,0,0,0,0,0,0.0863825773372279,0,0,0,0,0,0.0148461799641216,0.105861530971779,0,0,0,0,0,0.390163156400599,0,0,0.3
"160",160,0.102117297082345,0,0.90976224853698,0,0,0.0489992269611522,0.0103276241760338,0.0123169707138868,0.0922116485922369,0.0432242993754502,0.377110836109198,0,0.00997933991747,0.0786826222911136,0.0361097158898424,0.0111979560989051,0.326213687582385,0.928283941004494,0.039595054514569,0.074454409846591,0.121861506013066,0,0.0415084759859514,1,0,0.0506188886133953,0.2
"161",161,0,0,1,0.16940324243224,0,0,0.0593448235225908,0,0,0,0.222329904927645,0,0,0,0,0,0.0248768457782091,0,0,0,0.582640981202726,0.0713546891036269,0,0.10045202936804,0,0,0.14
"162",162,0.0806330986586893,0,0.765497898895609,0.209656534427938,0,0,0.270422805777243,0,0.0638157096514839,0.0743776224198016,0.383767031538654,0,0,0.112663619319187,0.0150360379840682,0,0.199578848430458,0.879354117275487,0.00647342457857747,0.0414850781629794,0.667186585129284,0.123243180359926,0.00994205924549403,0.894801900967667,0,0.00756686348445995,0.18
"163",163,0,0,0.585873087433833,0.537023558916437,0,0,0.0739899217436632,0,0,0.0616466362349931,0.276489087138811,0,0,0.262495001921082,0,0,0,0.0718842348513773,0,0,0.42138630647366,0.512224664507719,0,0.110982697391855,0,0,0.13
"164",164,0,0,0.360096093759544,0.110496722783414,0,0,0.11255604538154,0,0,0.0367851044916083,0,0,0,0,0,0,0,0.000162200478403785,0,0,0.588282851761619,0,0,0,0,0,0.37
"165",165,0,0,0.362867250750247,0.417194127555869,0,0,0.496934208527838,0,0,0.0861873917420082,0.158654911592112,0,0,0.0384763733247115,0,0,0,0.163120966214448,0,0,0.757999212748541,0.0742458486953421,0,0,0,0,0.4
"166",166,0.0421099742160187,0,0,0.425724074322867,0,0,0.745017901056716,0,0,0.267474816454172,0.127929987609659,0,0,0.0184102331572559,0,0,0,0.352946885165315,0,0,0.881543386928893,0.0330174625983969,0,0,0,0,0.29
"167",167,0,0,0,0.793593118386857,0,0,0.630770152920085,0,0.0315769431900037,0.484867135196488,0.714642101071279,0,0,0,0,0,0,0.065875662451343,0,0,0.801577877844947,0,0,0,0,0,0.18
"168",168,0.00818705792890266,0,0,0.781902475778623,0,0,0.765972837921539,0,0.0352690267615027,0.509076799604149,0.0755100531022022,0,0,0,0,0,0,0.1722608743464,0,0,0.843316616993741,0,0,0,0,0,0.28
"169",169,0,0,0,0.682128393176052,0,0,0.581150085967185,0,0,0.42220531988014,0.0784309507176775,0,0,0,0,0,0,0,0,0,0.657075584764509,0,0,0,0,0,0.25
"170",170,0,0,0,0.570447176968215,0,0,0.480295392341275,0,0,0.11289839345019,0.18393269457581,0,0,0.0776020884259353,0,0,0,0.0160532444362235,0,0,0.72854648650105,0.595759295986048,0.303628561829944,0,0,0,0.23
"171",171,0,0,0,0.609237115174961,0,0,0.688376302575187,0,0,0.169536109319189,0.259923559774773,0,0,0.347966112237573,0,0,0,0.109648459184994,0,0,0.787549020584697,0.400829459657527,0.71366378638868,0,0,0.0748313317309239,0.11
"172",172,0,0,0,0,0,0,0.185948463751139,0,0.0470205792659774,0.508253457646171,0,0,0,0,0.206376680252683,0,0,0,0,0,0.568898323933386,0,0.672661647408105,0,0,0.00695381208696557,0.17
"173",173,0,0.680040826533124,0.0289742495172885,0,0,0,0,0,0,0.337578611951882,0,1,0,0.739868208093313,0,0,0,0,0,0,0,0,0.363659792507135,0,0.0300641333967523,0.637182767873896,0.06
"174",174,0,0,0,0,0,0,0.0669018488186992,0,0,0,0,0,0,0,0,0,0,0,0,0,0,0,0.747595250073337,0,0,0.0648282116670647,0.32
"175",175,0,0,0,0,0,0,0,0.216975482646461,0,0.174256749473621,0,0,0.539747885377978,0.17948913508822,0,0.946726003208087,0,0,0,0,0,0,0.490554026766207,0,0,0,0.15
"176",176,0,0,0,0,0,0,0,0.369775127526642,0,0.0695693090762221,0,0,0.476933546862671,0,0,0.952909813303174,0,0,0,0,0,0,0,0,0,0,0.15
"177",177,0.110269771653743,0,0,0,0,0,0.588423652095993,0.792353392432036,0,0.246898135740626,0,0,0,0,0.572243110408482,0.938868342347105,0,0,0,0,0.00203748581064956,0,0,0,0,0.0127892815587888,0.14
"178",178,0.17704416211083,0,0,0,0,0,0.508554894811772,0.847971862614808,0,0.221373060079373,0,0,0,0,0.519586182771887,0,0,0,0,0,0,0,0,0,0,0,0.14
"179",179,0,0,0,0,0,0,0.000516957249793441,0,0,0.149112352198474,0,0,0,0,0,0,0,0,0,0,0.00951010291412634,0,0,0,1,0,0.03
"180",180,0,0,0.445980643317916,0,0,0,0,0,0,0,0,0,0,0,0,0,0,0.072361647222551,0,0,0,0,0,0.105102731006371,0,0,0.39
"181",181,0,0,1,0.641307082271062,0,0,0.602210083396907,0,0,0.184703015073585,0.404016295338967,0,0,0.240846921768473,0,0,0,0.159161461245656,0,0,0.796970858831525,0.418489625566545,0,0,0,0,0.09
"182",182,0,0,0.63743943395579,0.182775664142561,0,0,0.163680978872666,0,0,0.0195649469577335,0.0959416762005632,0,0,0,0,0,0,0.0640529482119657,0,0,0.638407090251382,0.0391558495712073,0,0.0233897841413845,0,0,0.28
"183",183,0,0,0.487997728619211,0.517523425946163,0,0,0.374018384582719,0,0,0.0519141583166717,0.213657008830015,0,0,0.488033121490998,0,0,0,0.133840239081737,0,0,0.715254226414001,0.164436739018561,0,0,0,0,0.26
"184",184,0.0101927193925768,0,0.659805210986218,0.501780521236171,0,0,0.592762676618544,0,0,0.0801360537309302,0.301893255149639,0,0,0.0683362647979223,0,0,0,0.358292269379256,0,0,0.809892942123796,0.121846083400356,0,0.111122138601844,0,0,0.27
"185",185,0.02902342396556,0,0.486766407411197,0.646907516760375,0,0,0.652668343010475,0,0.0449345809269082,0.390619044177894,0.333608208865391,0,0,0.0615525544934866,0,0,0,0.360882660742139,0,0,0.819740613262997,0.0658785211898054,0,0.0156055753977012,0,0,0.26
"186",186,0,0,0,0.504521428748239,0,0,0.613134421110266,0,0,0.270102206673582,0.65457342534424,0,0,0.0110182032692458,0,0,0,0.118164953253876,0,0,0.833480287582505,0.0397691140145566,0,0,0,0,0.29
"187",187,0,0,0,0.626448152163326,0,0,0.602157921803649,0,0,0.0901010395963172,0.259063704306575,0.712722890841752,0,0.505058052602474,0,0,0,0.0965593189649393,0,0,0.798588894667812,0.442122110433988,0,0,0,0,0.26
"188",188,0,0,0,0.634943931692627,0,0,0.467131131261928,0,0,0.362205534251223,0.0776251008567949,0,0,0,0,0,0,0.112463504117905,0,0,0.792686139123786,0,0,0,0,0,0.35
"189",189,0,0,0,0.770740273540558,0,0,0.72399888235572,0,0,0.245148468427431,0.20222606402284,0,0,0.0121824837154961,0,0,0,0.0926122368327566,0,0,0.834301511704987,0.0442966867813645,0,0,0,0,0.33
"190",190,0,0,0,0.647959550596527,0,0,0.153827794158763,0,0.00570563362138925,0.427032476143324,0.0987708968696658,0,0,0,0,0,0,0,0,0,0.67403597638719,0,0,0,0,0,0.22
"191",191,0,0,0,0.618341103447704,0,0,0.127125679061583,0,0,0.328686630191097,0.0884682791994786,0,0,0,0,0,0,0,0,0,0.404299275840821,0.000711986213255253,0,0,0,0,0.14
"192",192,0,0,0,0.578349236839356,0,0,0.607531531116976,0,0.00137902043885497,0.340919196239557,0.185327474900755,0,0,0.0682129202685807,0,0,0,0.109110999282242,0,0,0.792656147853919,0.113491975861388,0.334954788213124,0,0,0,0.15
"193",193,0,0,0,0,0,0,0.338353905225241,0,0,0.139992405976399,0,0,0,0.0847673768013509,0.0742794363823812,0,0,0,0,0,0.46476244818954,0,0.869454910575615,0,0.00960795006266048,0.276277515331809,0.13
"194",194,0,0,0,0,0,0,0,0,0,0.0102798251321235,0,0,0,0,0,0,0,0,0,0,0,0,0.359307149996845,0,0,0,0.31
"195",195,0,0,0,0,0,0,0.00672748702527133,0,0,0.128236048956778,0,0,0,0,0,0,0,0,0,0,0.314951760912188,0,0.539898337331554,0,0,0,0.19
"196",196,0.0338547651533492,0,0,0,0,0,0.0363487020856208,0.263268778043953,0.631236110937761,0.322980507176001,0,0,0.620700578184533,0,0,0,0,0,0,0.0144228580454379,0.320870556439879,0,0,0,0,0,0.15
"197",197,0,0,0,0,0,0,0,0.168483051470286,0,0.0782236165629154,0,0,0.164222436335416,0,0,0.780410425419329,0,0,0,0,0,0,0,0,0,0,0.12
"198",198,0.161401423164788,0,0,0,0,0,0.244152525284039,0,0.158789296071687,0.681539535210814,0,0,0,0,0.635582653428213,0,0,0,0,0.119438798545091,0.283276123669274,0,0,0,0.0939735228307292,0.267990900535087,0.2
"199",199,0,0,0,0,0,0,0,0,0,0.264892817947576,0,0,0,0,0,0,0,0,0,0,0,0,0,0,0,0,0.37
"200",200,0,0,0,0,0,0,0,0,0,0,0,0,0,0,0,0,0,0,0,0,0,0,0,0,0,0,1.27
"201",201,0,0,0.831004141931491,0.687690177604385,0,0,0.62371463832579,0,0,0.223133716018215,0.40072920455764,0,0,0.601759515032506,0,0,0,0.151371859607362,0,0,0.807241401992971,0.269427315222443,0,0,0,0,0.15
"202",202,0.155469846054514,0,0.758308593458406,0.598194500252767,0,0.0428670118011871,0.644422801155942,0,0.0961439201489186,0.162303581247611,0.604690716753374,0,0.00514414362956121,0.30993395693137,0.029614738526796,0,0.23725639280877,1,0.0211252650266095,0.0654497976218046,0.830860133606596,0.43041983319554,0.017523881666561,0.935585713920962,0.0232041367918008,0.0399536467304601,0.18
"203",203,0,0,0.77092876048339,0.570842601257506,0,0,0.401467760438181,0,0,0.0748171984103092,0.369907655543859,0,0,0.0804061289379147,0,0,0,0.141885966734602,0,0,0.727640259750169,0.595571634588623,0,0.107754442413869,0,0,0.2
"204",204,0,0,0.415770750774394,0.495565722068163,0,0,0.238663941458789,0,0,0.0675189252289116,0.206399285569609,0,0,0.0664447546599618,0,0,0,0.0838547486228153,0,0,0.661317816944144,0.533247807333164,0,0,0,0,0.3
"205",205,0.00125104535660823,0,0,0.782796212405184,0,0,0.745924464000474,0,0,0.255869794492505,0.698063325043654,0,0,0.0735735863565432,0,0,0,0.114457844557323,0,0,0.861663243257051,0.466878716905595,0,0,0,0,0.28
"206",206,0.0809269456371559,0,0,0.729086920157491,0,0,0.834590595810491,0,0.00582508165455445,0.271103244940102,0.197895982941039,0,0,0.16408332250013,0,0,0,0.562917017117891,0,0,0.919656526277443,0.327546985466108,0,0,0,0,0.22
"207",207,0,0,0,0.582507218064469,0,0,0.659247815205292,0,0,0.19922013463694,0.0834600260346669,0,0,0,0,0,0,0.0846144590725812,0,0,0.814275583765073,0.37375493969517,0,0,0,0,0.41
"208",208,0,0,0,0.754486054124337,0,0,0.687112564710916,0,0,0.361193303183791,0.180125490148286,0,0,0.0482165003309081,0,0,0,0.106167023082709,0,0,0.814005994444581,0.450363963039468,0,0,0,0,0.29
"209",209,0,0,0,0.687694644737088,0,0,0.471717082204302,0,0,0.198127969228749,0.0991639422015408,0,0,0.338909988117117,0,0,0,0.00997776232601126,0,0,0.741198653500792,0.373255588219218,0,0,0,0,0.39
"210",210,0,0,0,0.609955209361254,0,0,0.152724954262643,0,0,0.25107494261776,0.138245201432468,0,0,0.394150067464056,0,0,0,0,0,0,0.700805183045779,0.101030670881311,0,0,0,0,0.25
"211",211,0,0,0,0.451887307517038,0,0,0.0574369054937886,0,0,0.217261800386675,0.0189756869603914,0,0,0,0,0,0,0,0,0,0.587350651688701,0.0174076808251089,0,0,0,0,0.34
"212",212,0,0,0,0.215221486220926,0,0,0.255928935517124,0,0,0.411439100660867,0.0196717104299498,0,0,0,0,0,0,0,0,0,0.673400474801568,0,0,0,0,0,0.23
"213",213,0,0,0,0.0555803822416799,0,0,0.00796207949404348,0,0,0.203606307700967,0,0,0,0,0,0,0,0,0,0,0.458501427256641,0,0,0,0,0,0.28
"214",214,0,0,0,0.207908311101174,0,0,0.194566466568295,0,0,0.0436581426305902,0,0,0,0,0,0,0,0,0,0,0.624725034358109,0.0532679328488936,0.291539797736864,0,0,0,0.25
"215",215,0,0,0,0.112990770187863,0,0,0.011044236413087,0,0,0,0,0,0,0,0,0,0,0,0,0,0.491951485031181,0.321422806531658,0,0,0,0,0.36
"216",216,0,0,0,0.00064048267633452,0,0,0,0,0,0,0,0,0,0,0,0,0,0,0,0,0.409329892108791,0,0,0,0,0,0.54
"217",217,0,0,0,0,0,0,0,0,0,0,0,0,0,0,0,0,0,0,0,0,0.270442527502989,0,0,0,0,0,0.49
"218",218,0,0.0403519934491386,0,0,0.838224844085439,0,0,0,0,0.0928456946265176,0,0.00602014207447548,0,0,0,0,0,0,0,0,0.101944796729478,0,0,0,0,0,0.13
"219",219,0,0,0,0,0,0,0,0,0,0,0,0,0,0,0,0,0,0,0,0,0.139148506519227,0,0,0,0,0,0.48
"220",220,0,0,0,0.203619291377521,0,0,0,0,0,0.00620661486493858,0,0,0,0.491001274213644,0,0,0,0,0,0,0.138733572548319,0.0721531448330002,0,0,0,0,0.09
"221",221,0.0293028086057698,0,0.429480895834375,0.673518909612846,0,0,0.705831121481125,0,0,0.184321626576656,0.390982056939294,0,0,0.584359066288447,0,0,0,0.372732998226348,0,0,0.853480813760682,0.146856890823222,0,0,0,0,0.26
"222",222,0,0,0.374659827320808,0.673737959486293,0,0,0.540358962763753,0,0,0.288495514399124,0.328462608316642,0,0,0.525680047001256,0,0,0,0.137775678409698,0,0,0.75925482301211,0.609031963764173,0,0,0,0,0.2
"223",223,0.0410484729555256,0,0.542741976054785,0.748186882397808,0,0,0.740842772910869,0,0.0298624850256052,0.309571917141733,0.531792640022334,0,0,0.102560381678732,0,0,0,0.465346157782803,0,0,0.850887546628272,0.723992775483282,0,0.132590211586861,0,0,0.2
"224",224,0.000346608106894378,0,0.396792102619949,0.628711676588391,0,0,0.641461725962602,0,0,0.0640271531782082,0.323679350080211,0,0,0.093267220533886,0,0,0,0.299438926569874,0,0,0.811604073160684,0.534232665171265,0,0,0,0,0.33
"225",225,0.00462653750361896,0,0,0.780872535322998,0,0,0.739196722721992,0,0.0971054339729465,0.542841185860433,0.249702302126773,0,0,0.0463313600238052,0,0,0,0.13731495765689,0,0,0.829268862373502,0.616242498080661,0,0,0,0,0.17
"226",226,0,0,0,0.638887612901655,0,0,0.50790058059595,0,0,0.241128916496713,0.595061573218814,0,0,0.0143371522344587,0,0,0,0,0,0,0.719981750335705,0.407770051290303,0,0,0,0,0.32
"227",227,0,0,0,0.427753706394602,0,0,0.540794222797217,0,0,0.353841256006515,0.0958939967741409,0,0,0,0,0,0,0.0317220429671732,0,0,0.757082039811558,0.339193136537508,0,0,0,0,0.26
"228",228,0,0,0,0.319714859783016,0,0,0.48061787297069,0,0,0.25516713183511,0.104188993869533,0,0,0.446199255479451,0,0,0,0,0,0,0.728427601241881,0.487371296562989,0,0,0,0,0.28
"229",229,0,0,0,0.53417298136469,0,0,0.351160711118106,0,0,0.20435302450278,0.0974903205947247,0,0,0.0132799066811732,0,0,0,0.0993183225583788,0,0,0.781950038664926,0.511719852662894,0,0,0,0,0.37
"230",230,0,0,0,0.60964944313046,0,0,0.122410473414128,0,0,0.218077658406378,0.133697727963432,0,0,0.0156668004494861,0,0,0,0,0,0,0.631241225543336,0.39442808957682,0,0,0,0,0.32
"231",231,0,0,0,0.397140891072906,0,0,0.21328392502612,0,0,0.21508224258943,0.0320185076749092,0,0,0,0,0,0,0.0304391753427151,0,0,0.74473890115374,0.0216558408880036,0,0,0,0,0.41
"232",232,0,0,0,0.0788816776836548,0,0,0.0935118387073996,0,0,0.19107127712453,0,0,0,0,0,0,0,0,0,0,0.639186023541316,0,0,0,0,0,0.42
"233",233,0,0,0,0.318679277957135,0,0,0.0223790888849458,0,0,0,0,0,0,0,0,0,0,0,0,0,0.555302810695269,0.00440755445322404,0,0,0,0,0.52
"234",234,0,0,0,0.0130814651353779,0,0,0,0,0,0,0,0,0,0,0,0,0,0,0,0,0.534060743595024,0,0,0,0,0,0.62
"235",235,0,0,0,0.048495966799864,0,0,0.320163252243994,0,0,0,0,0,0,0,0,0,0,0,0,0,0.601092168153926,0,0,0,0,0,0.54
"236",236,0,0,0,0.0430296264955973,0,0,0.324540662805726,0,0,0,0,0,0,0,0,0,0,0,0,0,0.435806688037333,0,0,0,0,0,0.24
"237",237,0,0,0,0,0,0,0.0316624071234779,0,0,0.347590439514344,0,0,0,0,0,0,0,0,0,0,0.264445217275644,0,0,0,0.00962342618855891,0,0.17
"238",238,0,0,0,0.505407767725738,0,0,0,0,0,0.0154779859761628,0.0146653406257496,0,0,0.0475719370896815,0,0,0,0,0,0,0.0978203519853974,0.150823212897686,0,0,0,0,0.12
"239",239,0,0,0,0.147280869453102,0,0,0,0,0,0,0,0,0,0,0,0,0,0,0,0,0.312673727399181,0.438217951317802,0,0,0,0,0.23
"240",240,0,0,0,0.183749310173661,0,0,0,0,0,0,0,0,0,0,0,0,0,0,0,0,0.0660794006720008,0.472402117604196,0,0,0,0,0.12
"241",241,0.0127705980681413,0,0.502894065815623,0.720100712121169,0,0,0.646279071859592,0,0,0.0369131664261564,0.465117665876117,0,0,0.598862079791075,0,0,0,0.38755573350226,0,0,0.81182214524118,0.663050668193685,0,0.103155005307289,0,0,0.22
"242",242,0.0964669445053268,0,0.552699501409864,0.839782695308081,0,0,0.831068562583007,0,0.0642285648580744,0.354990143106845,0.625386591363358,0,0,0.698778385058129,0,0,0,0.590266863009302,0,0,0.887532440138538,0.6483921342251,0,0.176247762201369,0,0,0.16
"243",243,0.074606658342371,0,0,0.872221935407999,0,0,0.86611742127763,0,0.00858899854250259,0.303845773986554,0.812718487506082,0,0,0.510194280442848,0,0,0,0.358144608282929,0,0,0.913711648826454,0.839648629723484,0,0,0,0,0.22
"244",244,0.0420869768414086,0,0,0.92624004270319,0,0,0.864352685833241,0,0.118019714028989,0.539094156099144,0.0936367150435963,0,0.341495051164104,0.3149214697476,0,0,0,0.251069722447642,0,0,0.864526017808823,0.229684785920352,0,0,0,0,0.08
"245",245,0.132718429077791,0,0,0.833746805099085,0,0,0.907684784787159,0,0.0344694451807075,0.38005254951218,0.753621583930148,0,0,0.0670494293138358,0,0,0,0.535760225646839,0,0,0.945761025444087,0.644948218838993,0,0,0,0,0.18
"246",246,0.0522207449676004,0,0,0.712422864234127,0,0,0.814096688795192,0,0.00165183548590318,0.262039878666882,0.211750805821025,0,0,0.01721977690132,0,0,0,0.414517432950141,0,0,0.901839090599532,0.714716896218223,0,0,0,0,0.26
"247",247,0,0,0,0.725131488281822,0,0,0.595204427671148,0,0,0.222211979966423,0.125400077134572,0,0,0.0144575818857406,0,0,0,0.0376962793090873,0,0,0.77639428688525,0.713625779590954,0,0,0,0,0.39
"248",248,0,0,0,0.462362919501886,0,0,0.609797570882114,0,0,0.338259405455719,0.158266587096683,0,0,0.0150549593335696,0,0,0,0.092482099831151,0,0,0.798790855349954,0.739795406860091,0,0,0,0,0.25
"249",249,0,0,0,0.665602073282692,0,0,0.304467905668109,0,0.00457906040244446,0.422900294754726,0.21481737929113,0,0,0.0666305477732494,0,0,0,0,0,0,0.70279730530154,0.530251829887172,0,0,0,0,0.19
"250",250,0,0,0,0.196396015776056,0,0,0.164721416107408,0,0,0.232644346937727,0.111916627842741,0,0,0,0,0,0,0,0,0,0.696069877874292,0.429436219353152,0,0,0,0,0.27
"251",251,0,0,0,0.370876619453033,0,0,0.436103923263474,0,0,0.1883149620062,0.0414700699813242,0,0,0.00628820224885098,0,0,0,0,0,0,0.663092335804249,0.334657009163296,0,0,0,0,0.36
"252",252,0,0,0,0.358540058650803,0,0,0.0782690857149814,0,0,0,0,0,0,0,0,0,0,0,0,0,0.702478940010281,0.0209625943520271,0,0,0,0,0.47
"253",253,0,0,0,0.0480254682501116,0,0,0.0448481005452253,0,0,0,0,0,0,0,0,0,0,0,0,0,0.655572538345926,0,0,0,0,0,0.5
"254",254,0,0,0,0.191253130932533,0,0,0.136467402809929,0,0,0.0188640830655979,0,0.678274499717002,0,0,0,0,0,0,0,0,0.596583641830518,0.0447853193825343,0,0,0,0,0.29
"255",255,0,0,0,0.152726036878805,0,0,0.377625890555373,0,0,0,0,0,0,0,0,0,0,0,0,0,0.594005179895087,0.39085228102448,0,0,0,0,0.36
"256",256,0,0,0,0.430059840841602,0,0,0.366317583168104,0,0,0.00925308088021617,0.00728852930676727,0,0,0,0,0,0,0,0,0,0.512383345695599,0.0729052356541254,0,0,0,0,0.29
"257",257,0,0,0,0.366972958655088,0,0,0,0,0,0,0,0,0,0,0,0,0,0,0,0,0.317034585427828,0.0486451451701726,0,0,0,0,0.28
"258",258,0,0,0,0.55594035262635,0,0,0.0215307503375428,0,0,0.00714750154101678,0.0550077215078054,0,0,0.00130074495790572,0,0,0,0,0,0,0.461571939249069,0.102910441831875,0,0,0,0,0.3
"259",259,0,0,0,0.536804837104334,0,0,0.00300610514049543,0,0,0.00400677489333865,0.0825488627272309,0,0,0.0345469968164783,0,0,0,0,0,0,0.361022090659756,0.474612083250073,0,0,0,0,0.25
"260",260,0,0,0,0.643150238397988,0,0,0.0485459607372681,0,0,0.0654968766950862,0.16837874244895,0,0,0.58125344873462,0,0,0,0,0,0,0.180245647091772,0.585697973953896,0,0,0,0,0.09
"261",261,0,0,0,0.863466758768745,0,0,0.813329439729651,0,0,0.272980386936351,0.229689162587941,0,0,0.752191797980838,0,0,0,0.180339159419491,0,0,0.862078950578982,0.897398421385335,0,0,0,0,0.23
"262",262,0.0619786016736956,0,0,0.925003521120998,0,0,0.889165911881119,0,0.0299894336589761,0.383694178421331,0.767237357141122,0,0,0.86854896117157,0,0,0,0.360683002577313,0,0,0.916805582532751,0.800505698581018,0,0,0,0,0.2
"263",263,0.057255439745056,0,0,0.976928235759897,0,0,0.905437218196221,0,0.130253418887534,0.586305897229877,0.405703439763152,0,0,0.647693733447073,0,0,0,0.279075613065707,0,0,0.890174564750032,0.922943447159192,0,0,0,0,0.11
"264",264,0.00615472093821117,0,0,0.769968697679526,0,0,0.776200567712646,0,0,0.300102957978682,0.203212249105796,0,0,0.385970771430478,0,0,0,0.174890191639578,0,0,0.86440078447739,0.747555063273225,0,0,0,0,0.33
"265",265,0.0273336742728342,0,0,0.928148514402159,0,0,0.864459887117477,0,0.0789303458301745,0.519687599925262,0.344014680596454,0,0,0.0848489127117017,0,0,0,0.228203517574757,0,0,0.862210495301942,0.999982268505754,0,0,0,0,0.13
"266",266,0,0,0,0.745927172851666,0,0,0.625267281187934,0,0,0.384919042898979,0.720593692201173,0,0,0.0322424126157885,0,0,0,0.0629235336443465,0,0,0.792468285668098,0.707060715216683,0,0,0,0,0.22
"267",267,0,0,0,0.70937949102671,0,0,0.27185647637872,0,0,0.247918629632464,0.632128360140597,0,0,0.0519625773772082,0,0,0,0.0066915603886118,0,0,0.728522323467937,0.748640830688462,0,0,0,0,0.22
"268",268,0,0,0,0.673472501719071,0,0,0.525818658478011,0,0,0.261967263293418,0.108805281259416,0,0,0.0400366153885993,0,0,0,0,0,0,0.627651544139654,0.543608419877451,0,0,0,0,0.28
"269",269,0,0,0,0.655758379562635,0,0,0.257220737449504,0,0,0.251368714936753,0.626362270348264,0,0,0,0,0,0,0.0589177048081927,0,0,0.768317409623297,0.0432727128065663,0,0,0,0,0.22
"270",270,0,0,0,0.318811473156223,0,0,0.0741187757951084,0,0,0.231807721112296,0.0239761899334257,0,0,0,0,0,0,0,0,0,0.489716361201402,0.445927206990635,0,0,0,0,0.2
"271",271,0,0,0,0.405024397161095,0,0,0.0566635015774312,0,0,0,0.000242319384681177,0,0,0,0,0,0,0,0,0,0.586168788555472,0.364802826137555,0,0,0,0,0.46
"272",272,0,0,0,0.100124299008435,0,0,0.102833422128079,0,0,0,0,0,0,0,0,0,0,0,0,0,0.667651858482412,0.365505712380445,0,0,0,0,0.39
"273",273,0,0,0,0.101913659359596,0,0,0.309019342778938,0,0,0.00603797091135211,0.00341356523448429,0,0,0,0,0,0,0.0401463673991044,0,0,0.747757422251637,0.00188715962043991,0,0,0,0,0.47
"274",274,0,0,0,0.124227122861874,0,0,0.533236012837732,0,0,0.000284432805574048,0,0,0,0,0,0,0,0,0,0,0.695264569760376,0,0,0,0,0,0.41
"275",275,0,0,0,0.37324131534075,0,0,0.36384515445956,0,0,0,0,0,0,0,0,0,0,0,0,0,0.650830049138184,0.0143430977513704,0,0,0,0,0.58
"276",276,0,0,0,0.651892728025092,0,0,0.594146666557405,0,0,0.00652963815879785,0.0606298103472259,0,0,0.0258892130246277,0,0,0,0,0,0,0.689275028051322,0.0795203699286937,0,0,0,0,0.33
"277",277,0,0,0,0.601096482736659,0,0,0.0946690335235477,0,0,0.00200472956291364,0.0289193805670018,0,0,0,0,0,0,0,0,0,0.6368154963721,0.045567648343891,0,0,0,0,0.34
"278",278,0,0,0,0.622332142627099,0,0,0.0652887027495842,0,0,0,0.0454397350310349,0,0,0,0,0,0,0,0,0,0.56412051652683,0.639528576944158,0,0,0,0,0.3
"279",279,0,0,0,0.364774340899991,0,0,0.0493627461846286,0,0,0.0236092602504977,0.0504031687236455,0,0,0.455545970120152,0,0,0,0,0,0,0.428367191689889,0.534691648188708,0,0,0,0,0.21
"280",280,0,0,0,0.593318294566131,0,0,0.0717011803661538,0,0,0.0352927608097348,0.109557872176273,0,0,0.563897908029813,0,0,0,0,0,0,0.387090137095804,0.130656414552712,0,0,0,0,0.18
"281",281,0.100867460745943,0,0,0.911301518626963,0,0,0.920562268061786,0,0.0605669015762878,0.430773907452582,0.654221314746071,0,0,0.823722743793192,0,0,0,0.408292030990269,0,0,0.93661106002612,0.252839806303528,0,0,0,0,0.16
"282",282,0,0,0,0.793546399700176,0,0,0.719227545556198,0,0.0117043134129374,0.411589564241535,0.249583107322098,0,0,0.768371871151378,0,0,0,0.0872178039475645,0,0,0.822254706692723,0.573778051864673,0,0,0,0,0.24
"283",283,0.112877324735011,0,0,0.771839007338183,0,0,0.858309255789191,0,0.0105804103766807,0.275489847602811,0.336644515717211,0,0,0.611036754067569,0,0,0,0.647322968328499,0,0,0.933091360509594,0.52898632085931,0,0,0,0,0.24
"284",284,0,0,0,0.844704376031242,0,0,0.622581707958426,0,0,0.269414085222633,0.698160083468848,0,0,0.771421051124125,0,0,0,0.0483634994137487,0,0,0.776132487503097,0.862608276999518,0,0,0,0,0.21
"285",285,0,0,0,0.653285823684634,0,0,0.549776319531739,0,0,0.221027586763525,0.125107391113298,0,0,0.395717534172071,0,0,0,0.00521527888398243,0,0,0.735700643574743,0.800021878146339,0,0,0,0,0.33
"286",286,0,0,0,0.763233328047532,0,0,0.569322888754465,0,0,0.255576287616984,0.681057502609095,0,0,0.419938032549124,0,0,0,0.0335039348088469,0,0,0.760390894735739,0.641310673556008,0,0,0,0,0.32
"287",287,0,0,0,0.790467915752084,0,0,0.56413478499185,0,0,0.376303865274576,0.219347594603627,0,0,0.0453468489704814,0,0,0,0,0,0,0.697868013961735,0.956038090345877,0,0,0,0,0.19
"288",288,0,0,0,0.682476834205838,0,0,0.224879837707666,0,0,0.292322175460022,0.235276014697362,0,0,0.108839240104181,0,0,0,0,0,0,0.450846866188921,0.770047931886305,0,0,0,0,0.14
"289",289,0,0,0,0.607872122552172,0,0,0.158569272944583,0,0,0.211038867430038,0.0738993118149267,0,0,0,0,0,0,0,0,0,0.653719989671569,0.758224736802109,0,0,0,0,0.24
"290",290,0,0,0,0.223413453164039,0,0,0.0593794473656533,0,0,0,0.0295313066037522,0,0,0,0,0,0,0,0,0,0.536466863749373,0.659059967951815,0,0,0,0,0.26
"291",291,0,0,0,0.363865647927853,0,0,0.108129446317797,0,0,0.00954888506598346,0.115539546086052,0,0,0,0,0,0,0,0,0,0.692894958889502,0.645459554213412,0,0,0,0,0.31
"292",292,0,0,0,0.300787678587752,0,0,0.14175463551448,0,0,0.0143601333370291,0.0536721360751998,0,0,0.388399091242224,0,0,0,0,0,0,0.664473684152471,0.454677991254706,0,0,0,0,0.34
"293",293,0,0,0,0.368828915108986,0,0,0.285325467274217,0,0,0,0.0393496520276474,0,0,0.00437348823023986,0,0,0,0.0305485161852741,0,0,0.743771099262743,0.333199240968758,0,0,0,0,0.44
"294",294,0.00219197300980992,0,0,0.160865195351668,0,0,0.669806541213671,0,0,0.0365581300146785,0.131888598369366,0,0,0,0,0,0,0.187894032915109,0,0,0.844692506089723,0.0369780029220682,0,0,0,0,0.31
"295",295,0,0,0,0.448396949599694,0,0,0.473735637759456,0,0,0.0644639276046401,0.0904248942986395,0.694632013927885,0,0.0291031267978763,0,0,0,0.0282801006969838,0,0,0.744629285726613,0.143783590824018,0,0,0,0,0.35
"296",296,0,0,0,0.614154672458755,0,0,0.335789317329557,0,0,0.0241358168141733,0.0564644527637654,0,0,0.000187114988757794,0,0,0,0.0184363356649472,0,0,0.757478690242934,0.0317835905562202,0,0,0,0,0.38
"297",297,0,0,0,0.622918020537954,0,0,0.568459571163586,0,0,0.268747321756207,0.231294259827786,0.770199638093012,0,0.0986585697013655,0,0,0,0.0903829264850398,0,0,0.779950051089878,0.520515909784889,0,0,0,0,0.22
"298",298,0,0,0,0.230155814162385,0,0,0.137032897210611,0,0,0.0168569394010544,0.556024969884602,0,0,0,0,0,0,0,0,0,0.647878551540902,0.115317264211292,0,0,0,0,0.25
"299",299,0,0,0,0.426406035484684,0,0,0.411473753827185,0,0,0.0207206800938822,0.0259667640569951,0,0,0.369455440901728,0,0,0,0,0,0,0.602263668401119,0.0801546089939242,0,0,0,0,0.36
"300",300,0,0,0,0.190652796327317,0,0,0.0189383144971129,0,0,0.00087666276626777,0,0,0,0.368813061566702,0,0,0,0,0,0,0.427273063611483,0.083018784090145,0,0,0,0,0.21
"301",301,0.0294594219958697,0,0,0.826157043227274,0,0,0.778804019273139,0,0.0673543349911323,0.499691223557608,0.241869081209664,0,0,0.531324552470807,0,0,0,0.208601093792619,0,0,0.861724599542794,0.0415426972967986,0,0,0,0,0.19
"302",302,0.0236729212525751,0,0,0.82319010108841,0,0,0.793893765575408,0,0.0431154538559042,0.459504406260103,0.701042891287883,0,0,0.481751705453082,0,0,0,0.199243417865519,0,0,0.873751543644224,0.516088911177436,0,0,0,0,0.22
"303",303,0,0,0,0.673612388299436,0,0,0.59104910985511,0,0.000737906074506218,0.38904476905325,0.183487383711669,0,0,0.437148701009198,0,0,0,0.0849555132307763,0,0,0.795778132917944,0.448844096522597,0,0,0,0,0.31
"304",304,0,0,0,0.496099431005104,0,0,0.69528070151978,0,0,0.280156655059794,0.602787606287995,0,0,0.607499187893958,0,0,0,0.176346628104979,0,0,0.846814176746084,0.672525262046927,0,0,0,0,0.23
"305",305,0,0,0,0.815665137536874,0,0,0.623280751751792,0,0.00701840080273943,0.43008228513078,0.362814645555666,0,0,0.530554311524109,0,0,0,0.0438939999858051,0,0,0.764581716099878,0.871102798072095,0,0,0,0,0.22
"306",306,0,0,0,0.561799206882797,0,0,0.188936529384059,0,0,0.252123315509497,0.159867054181989,0,0,0.432130617990092,0,0,0,0,0,0,0.703361631225776,0.558204904504055,0,0,0,0,0.3
"307",307,0,0,0,0.753640514873897,0,0,0.309019319793287,0,0,0.297588628342151,0.35092330044286,0,0,0.574560737017042,0,0,0,0,0,0,0.589656304988178,0.831669335118564,0,0,0,0,0.16
"308",308,0,0,0,0.594108371690817,0,0,0.0814443870899383,0,0,0.0309785780820094,0.168538997037393,0,0,0.0536573773821894,0,0,0,0,0,0,0.396692197048801,0.861293630252945,0,0,0,0,0.16
"309",309,0,0,0,0.571098409242639,0,0,0.0410549170683765,0,0,0.0926074688510004,0.114820390266994,0,0,0.0675396191631877,0,0,0,0,0,0,0.123612093214482,0.765678911395557,0,0,0,0,0.09
"310",310,0,0,0,0.542979306127197,0,0,0.41421090439494,0,0,0.0311457615655999,0.108988374294549,0,0,0.0335463270723913,0,0,0,0,0,0,0.49871248160322,0.507357477445833,0,0,0,0,0.23
"311",311,0,0,0,0.3203802406839,0,0,0.413074443717631,0,0,0.241730825744057,0.128521743231034,0,0,0.010263540458762,0,0,0,0,0,0,0.635980776093569,0.704050436412227,0,0,0,0,0.21
"312",312,0,0,0,0.179131596853634,0,0,0.474577992662158,0,0,0.0189741990364406,0.0778513655147518,0,0,0,0,0,0,0.0091127688319401,0,0,0.737999779152646,0.656450987078324,0,0,0,0,0.28
"313",313,0,0,0,0.114144015611962,0,0,0.479244004382454,0,0,0,0.0247722918743381,0,0,0,0,0,0,0.0184103334015661,0,0,0.744517285449271,0.328302661582821,0,0,0,0,0.35
"314",314,0,0,0,0.435207263643381,0,0,0.588706851329234,0,0,0,0.0353975592653549,0,0,0,0,0,0,0.0122798795302899,0,0,0.748087364249334,0.386483822776218,0,0,0,0,0.46
"315",315,0,0,0,0.390983157231247,0,0,0.521408377849395,0,0,0,0.00939803270701968,0,0,0,0,0,0,0.0180174507928991,0,0,0.77173796388927,0.0167116213147979,0,0,0,0,0.47
"316",316,0,0,0,0.457775123185317,0,0,0.487970772343484,0,0,0.0615306677718703,0.141599160620907,0,0,0.0254115886425156,0,0,0,0.64938835276403,0,0,0.822747654273841,0.0930513698095229,0,0,0,0,0.24
"317",317,0,0,0,0.665033632956277,0,0,0.474546370907146,0,0,0.0205839392535947,0.116475720321571,0,0,0,0,0,0,0.0577687234203868,0,0,0.786762216758253,0.348116464962094,0,0,0,0,0.39
"318",318,0,0,0,0.478649481515779,0,0,0.226088197269698,0,0,0.0159609249510498,0.0897586514441627,0,0,0.381548218239965,0,0,0,0.0241614714352381,0,0,0.741279765209169,0.055095757860708,0,0,0,0,0.39
"319",319,0,0,0,0.192599487177108,0,0,0.103933490717861,0,0,0,0,0,0,0.334630662541982,0,0,0,0,0,0,0.630335037894299,0.0435334328893417,0,0,0,0,0.34
"320",320,0,0,0,0.574117411285027,0,0,0.0631113297160114,0,0,0.000816240664194325,0.0703393344910682,0,0,0.372213063820932,0,0,0,0,0,0,0.594978574597759,0.219329212113262,0,0,0,0,0.34
"321",321,0,0,0,0.700850639808848,0,0,0.498187432999948,0,0.00261116753280963,0.422977937146485,0.163675643332563,0,0,0.48787793249886,0,0,0,0,0,0,0.715506813620038,0.0499967233280191,0,0,0,0,0.22
"322",322,0,0,0,0.759968532496306,0,0,0.648464726847672,0,0,0.314721227737575,0.610866992388724,0,0,0.762804725199232,0,0,0,0.0867851615623058,0,0,0.814729883451902,0.117859971798182,0,0,0,0,0.25
"323",323,0,0,0,0.657702255578948,0,0,0.541421080924785,0,0,0.257720878718103,0.655471411443925,0,0,0.418811922521373,0,0,0,0.0324418128103661,0,0,0.767506305420614,0.189845494104646,0,0,0,0,0.29
"324",324,0,0,0,0.692748903854074,0,0,0.528794509391319,0,0,0.258250172673959,0.181745399265465,0,0,0.65761666374564,0,0,0,0,0,0,0.647141829607073,0.481620868371631,0,0,0,0,0.24
"325",325,0,0,0,0.717053314045284,0,0,0.339878692619507,0,0,0.287992663804609,0.554591983000247,0,0,0.692984942161185,0,0,0,0.0376948186403945,0,0,0.768570201552031,0.487240697123929,0,0,0,0,0.23
"326",326,0,0,0,0.610790886513051,0,0,0.180750190953674,0,0,0.265304300324941,0.213191125176339,0,0,0.502541460400665,0,0,0,0,0,0,0.518234806249956,0.302440387762196,0,0,0,0,0.19
"327",327,0,0,0,0.719934670847317,0,0,0.144532483984303,0,0,0.0465031475987445,0.302370695068848,0,0,0.674929583531749,0,0,0,0,0,0,0.461905358095918,0.6746240590224,0,0,0,0,0.18
"328",328,0,0,0,0.758555102434339,0,0,0.301681699460555,0,0,0.0606267748752818,0.63265262260211,0,0,0.463670256747238,0,0,0,0.00873081218449738,0,0,0.735488450911878,0.810228843697489,0,0,0,0,0.22
"329",329,0,0,0,0.543233814992446,0,0,0.0971194832063132,0,0,0.0274958286632547,0.617649140451948,0,0,0.0338368717845896,0,0,0,0,0,0,0.56455621415717,0.508042674503733,0,0,0,0,0.24
"330",330,0,0,0,0.677162547678676,0,0,0.132626277803182,0,0,0.0074641950585042,0.538736134473006,0,0,0.0284629964025232,0,0,0,0,0,0,0.645724203838624,0.846790656217089,0,0,0,0,0.21
"331",331,0,0,0,0.556590428711194,0,0,0.373849096877924,0,0,0,0.0358056722785326,0,0,0,0,0,0,0,0,0,0.641551732018464,0.324703622488743,0,0,0,0,0.42
"332",332,0,0,0,0.189053012709364,0,0,0.589679466300429,0,0,0.214057632662565,0.123506577388965,0,0,0,0,0,0,0.083111392491481,0,0,0.797281212225119,0.435935631114116,0,0,0,0,0.29
"333",333,0,0,0,0.409620141665064,0,0,0.415685965065907,0,0,0.0283854159851505,0.61904348659469,0,0,0.00432549419301536,0,0,0,0.0170613883599531,0,0,0.742960207744801,0.505195219655816,0,0,0,0,0.31
"334",334,0.00775711526178452,0,0,0.341808975207856,0,0,0.729149632958053,0,0,0.0202244332612049,0.262077132828496,0,0,0.0262066799062769,0,0,0,0.311401558254677,0,0,0.868981963876686,0.448447471689588,0,0,0,0,0.28
"335",335,0.0885833962270993,0,0,0.669306347626614,0,0,0.803938759534555,0,0,0.0701620568008263,0.621547745628904,0,0,0.0364880171696995,0,0,0,0.478198056409639,0,0,0.918949589956643,0.13662021949655,0,0,0,0,0.23
"336",336,0.00493007326034399,0,0,0.599979481806194,0,0,0.713999217466325,0,0,0.0129454207236014,0.0869652658383552,0,0,0.00896621937192103,0,0,0,0.178998219975473,0,0,0.855061009333455,0.0867194101300692,0,0,0,0,0.42
"337",337,0,0,0,0.367685176609018,0,0,0.48691107194829,0,0,0.0170202686269599,0.597385096842719,0,0,0.012899681163158,0,0,0,0.027558652463492,0,0,0.763637687600177,0.0798442463355592,0,0,0,0,0.33
"338",338,0,0,0,0.651291482716484,0,0,0.573056953950988,0,0,0.0413093006305417,0.640549880894977,0,0,0.597715589101088,0,0,0,0.0819032092106017,0,0,0.804567134846118,0.126924475279864,0,0,0,0,0.33
"339",339,0,0,0,0.660363951627422,0,0,0.253450865619983,0,0,0.0567205937791913,0.667845040768436,0,0,0.455248176987748,0,0,0,0,0,0,0.693751758953071,0.387644652888181,0,0,0,0,0.24
"340",340,0,0,0,0.60760915126697,0,0,0.462705840667533,0,0,0.235471101782669,0.113320046045998,0,0,0.658288654933904,0,0,0,0.0273434483398546,0,0,0.744491325047865,0.0717928013591439,0,0,0,0,0.34
"341",341,0,0,0,0.42799111700681,0,0,0.481853919826315,0,0,0.219225078105002,0.0833651074388874,0,0,0.334450535634095,0,0,0,0.0266565590756678,0,0,0.748590663372084,0.0598593496899922,0,0,0,0,0.39
"342",342,0,0,0,0.558454083712445,0,0,0.62798762933941,0,0,0.233082812030779,0.150413136798324,0,0,0.668019596607409,0,0,0,0.121559936120149,0,0,0.813326064458944,0.371498327934874,0,0,0,0,0.33
"343",343,0,0,0,0.50364994968524,0,0,0.662137205096731,0,0,0.204809211761496,0.152169152262069,0,0,0.339894812825663,0,0,0,0.213702435672457,0,0,0.842109936325498,0.507166056572662,0,0,0,0,0.35
"344",344,0.00957059582445943,0,0,0.80915158296098,0,0,0.764180452946177,0,0,0.277715844796967,0.796636677840469,0,0,0.714307602509791,0,0,0,0.145259159175196,0,0,0.875294041582796,0.515691577318967,0,0,0,0,0.27
"345",345,0,0,0,0.707770176930964,0,0,0.553132173829261,0,0,0.225100698244915,0.100975700137617,0,0,0.685100834316134,0,0,0,0.0793350424753745,0,0,0.78846876224077,0.693193827382932,0,0,0,0,0.34
"346",346,0,0,0,0.640198686932201,0,0,0.231016911402045,0,0,0.0374123187394556,0.148157640036921,0,0,0.644362349263105,0,0,0,0.0135198459216446,0,0,0.737187800593984,0.600461901278384,0,0,0,0,0.28
"347",347,0,0,0,0.38922870769094,0,0,0.459884138166404,0,0,0.0313563762973949,0.11772459976373,0,0,0.647459109254552,0,0,0,0.0166887642346209,0,0,0.733789053044871,0.420197594629361,0,0,0,0,0.28
"348",348,0,0,0,0.647155013363391,0,0,0.113751450394263,0,0,0.0229061515426766,0.103610209677212,0,0,0.369793746506797,0,0,0,0,0,0,0.613738723320902,0.666163157896563,0,0,0,0,0.32
"349",349,0,0,0,0.596426109449226,0,0,0.476890676211183,0,0,0.0220351742144751,0.132667491233061,0,0,0.473872598115015,0,0,0,0,0,0,0.602934875307356,0.470316244961441,0,0,0,0,0.31
"350",350,0,0,0,0.608493634247853,0,0,0.0798434356926604,0,0,0.0101660452536085,0.16060452612816,0,0,0.0474077110543501,0,0,0,0,0,0,0.709080063617305,0.407619127181891,0,0,0,0,0.36
"351",351,0,0,0,0.459866998141732,0,0,0.404923964388396,0,0,0,0.0281446346331366,0,0,0,0,0,0,0,0,0,0.652761045902144,0.606650146260055,0,0,0,0,0.39
"352",352,0,0,0,0.490337859166007,0,0,0.650728693749773,0,0,0.162504793158622,0.593606142535471,0,0,0.0312141054198716,0,0,0,0.127951406415618,0,0,0.828720697338655,0.736401250136746,0,0,0,0,0.26
"353",353,0.0234066323528175,0,0,0.421769362585117,0,0,0.725874781762978,0,0,0.32519949687586,0.63150556363797,0,0,0.0438330827752057,0,0,0,0.280198991090866,0,0,0.875426734543057,0.458980708956505,0,0,0,0,0.2
"354",354,0,0,0,0.490198199232119,0,0,0.609843896447099,0,0,0.00713767339873576,0.0778017661096914,0,0,0,0,0,0,0.0674941513411168,0,0,0.804085123194809,0.683533061960838,0,0,0,0,0.39
"355",355,0.0239421221326312,0,0,0.737052355173252,0,0,0.786839665230477,0,0,0.0363283023471012,0.16429179747139,0,0,0.0457251383073685,0,0,0,0.143115149896534,0,0,0.872446791793762,0.502866419191133,0,0,0,0,0.33
"356",356,0,0,0,0.7152489041588,0,0,0.593284027181206,0,0,0.0569409917333077,0.614877133906127,0,0,0.0959515106451578,0,0,0,0.0578819968691445,0,0,0.794045143623717,0.112868301195046,0,0,0,0,0.31
"357",357,0.0588242230669173,0,0,0.721629466470721,0,0,0.801491976180807,0,0.00366442778834537,0.276972470885589,0.708934490483523,0,0,0.478634320526237,0,0,0,0.335970152803805,0,0,0.903974334511453,0.147813263639769,0,0,0,0,0.25
"358",358,0,0,0,0.695969120288345,0,0,0.499121881142027,0,0,0.0328167182511608,0.0882008485525784,0,0,0.442892887694552,0,0,0,0,0,0,0.726247546222591,0.0625895486481834,0,0,0,0,0.38
"359",359,0,0,0,0.676357210242129,0,0,0.663497154043107,0,0,0.049426539802693,0.111896056382703,0,0,0.738193319670241,0,0,0,0.0768524980765281,0,0,0.821731472923895,0.0812450757498047,0,0,0,0,0.34
"360",360,0,0,0,0.627163012667282,0,0,0.230360052789496,0,0,0.046771760918987,0.21327878513815,0,0,0.680181111921671,0,0,0,0,0,0,0.670641925666297,0.126534381757256,0,0,0,0,0.27
"361",361,0.0336054916892482,0,0,0.72237966889446,0,0,0.801061641978833,0,0,0.292149177796389,0.135066912133635,0,0,0.707936730925118,0,0,0,0.294779475347585,0,0,0.888605264125217,0.0953956218673342,0,0,0,0,0.25
"362",362,0,0,0,0.793115043937187,0,0,0.741786599104793,0,0,0.214702751015692,0.190437531706676,0,0,0.519743413164726,0,0,0,0.0813418107968002,0,0,0.837661888781777,0.425363209681245,0,0,0,0,0.33
"363",363,0,0,0,0.567252271560613,0,0,0.564663707007484,0,0,0.0384314382181521,0.619811424085963,0,0,0.414843709183492,0,0,0,0.0684162734600582,0,0,0.794183313611992,0.457834752903482,0,0,0,0,0.35
"364",364,0.00897306324960906,0,0,0.818613704296224,0,0,0.75788292429322,0,0,0.227676261412243,0.310608812807145,0,0,0.89568408054854,0,0,0,0.183315328268065,0,0,0.869175886591638,0.514726730152172,0,0,0,0,0.24
"365",365,0,0,0,0.785452536621823,0,0,0.697253179981744,0,0,0.0240816329728024,0.195061252788585,0,0,0.751359272418947,0,0,0,0.0810143920119201,0,0,0.814181274808762,0.80126421708438,0,0,0,0,0.29
"366",366,0,0,0,0.718011678761476,0,0,0.537349764944933,0,0,0.0147000835810739,0.101993848019648,0,0,0.660662176408625,0,0,0,0.0284894531197567,0,0,0.752784235843857,0.427684178745618,0,0,0,0,0.38
"367",367,0,0,0,0.439272235227362,0,0,0.424346309351109,0,0,0.0131188829227404,0.121070639784787,0,0,0.371735575869175,0,0,0,5.88390359624791e-05,0,0,0.716711660426567,0.704506148646509,0,0,0,0,0.34
"368",368,0,0,0,0.579051403512627,0,0,0.366489172523201,0,0,0,0.0619105421818271,0,0,0.357171772542064,0,0,0,0.0245300884167527,0,0,0.741474408624679,0.39598684865037,0,0,0,0,0.44
"369",369,0,0,0,0.721090859673591,0,0,0.605640083445266,0,0,0.0153836821642433,0.162519877657577,0,0,0.382069996732211,0,0,0,0.0444459002882166,0,0,0.787970269162442,0.659919151326422,0,0,0,0,0.46
"370",370,0,0,0,0.587214373775473,0,0,0.210616074260974,0,0,0.0191373523804714,0.60496102417052,0,0,0.022581639231926,0,0,0,0,0,0,0.664675561581957,0.092505058062867,0,0,0,0,0.26
"371",371,0,0,0,0.673895740875544,0,0,0.339587543183404,0,0,0,0.106579574970786,0,0,0.0273446388560227,0,0,0,0.01053245945031,0,0,0.74941564293613,0.684221390483507,0,0,0,0,0.36
"372",372,0,0,0,0.656466885437389,0,0,0.496390068771013,0,0,0.0647877069670919,0.175731704426816,0,0,0.0281914756648866,0,0,0,0,0,0,0.645953728908374,0.91427735350855,0,0,0,0,0.24
"373",373,0,0,0,0.751925833895183,0,0,0.719496833825763,0,0,0.0283603564190771,0.183900298993732,0,0,0.0671173359520764,0,0,0,0.132579717848365,0,0,0.829133074358444,0.867200301339117,0,0,0,0,0.28
"374",374,0,0,0,0.622042136093263,0,0,0.613556015014706,0,0,0.0562321621687191,0.191482360940315,0,0,0.0766644710799188,0,0,0,0.662977242278812,0,0,0.845518883003209,0.558365386534987,0,0,0,0,0.25
"375",375,0,0,0,0.681535242704485,0,0,0.660147350618473,0,0,0.0253215511956082,0.669991098203835,0,0,0.016810731722266,0,0,0,0.0876594770188663,0,0,0.821562019385929,0.481384573202772,0,0,0,0,0.31
"376",376,0.106995837330441,0,0,0.779096373571592,0,0,0.839382875569887,0,0.0423500832968849,0.385881819964679,0.705493797699121,0,0,0.0101402335204322,0,0,0,0.465624243311036,0,0,0.937192069415843,0.0407776549015545,0,0,0,0,0.18
"377",377,0.0379522824299109,0,0,0.714169860951969,0,0,0.771628054826974,0,0,0.0420296253219783,0.217948974667778,0,0,0.443728606751643,0,0,0,0.369494921314652,0,0,0.886082113209404,0.0925925006895286,0,0,0,0,0.3
"378",378,0,0,0,0.486017394919084,0,0,0.611056109122036,0,0,0.0126836063929641,0.0696303040785954,0,0,0.324734431645228,0,0,0,0.068822211234355,0,0,0.799394660137878,0.0602350112051323,0,0,0,0,0.44
"379",379,0,0,0,0.403698899163192,0,0,0.498167013111884,0,0,0.00190550161004376,0.0724090112456935,0,0,0.595065695809676,0,0,0,0.0316977172457964,0,0,0.755218106140349,0.0594430152588485,0,0,0,0,0.35
"380",380,0,0,0,0.237777199833934,0,0,0.256231595349282,0,0,0.233322830374367,0.0746235502186011,0,0,0.481789028067512,0,0,0,0,0,0,0.66864239150498,0.0811130227337117,0,0,0,0,0.23
"381",381,0.0540525931324665,0,0,0.81079641277129,0,0,0.839833395758138,0,0,0.0860931265379348,0.610758404100813,0,0,0.816067795707344,0,0,0,0.356609702706955,0,0,0.913613117620578,0.196809912034021,0,0,0,0,0.2
"382",382,0,0,0,0.740765695470707,0,0,0.590232970526906,0,0,0.0440750207625367,0.684175390029404,0,0,0.754534245868563,0,0,0,0.0497057734111476,0,0,0.784725113049049,0.581574231055442,0,0,0,0,0.29
"383",383,0.0209221802239112,0,0,0.714917182459065,0,0,0.75551256203424,0,0,0.0182493439247294,0.244199866276176,0,0,0.708192722375773,0,0,0,0.253274683942302,0,0,0.873817463156369,0.461402960051484,0,0,0,0,0.34
"384",384,0.0602389312215684,0,0,0.873923559066373,0,0,0.870542421580673,0,0,0.080044519211551,0.695421885885338,0,0,0.834320856582985,0,0,0,0.353502911543486,0,0,0.916050222510895,0.750514881917259,0,0,0,0,0.24
"385",385,0,0,0,0.809645181448568,0,0,0.726456321685282,0,0,0.0642556803402517,0.66004180320717,0,0,0.499701247168298,0,0,0,0.10856922195643,0,0,0.838459133469954,0.863779201210644,0,0,0,0,0.29
"386",386,0,0,0,0.430562125469708,0,0,0.676760733310988,0,0,0.039370489240677,0.192113722963479,0,0,0.563451917978256,0,0,0,0.0942455729167292,0,0,0.824569229907333,0.662232033605241,0,0,0,0,0.29
"387",387,0,0,0,0.24974391840405,0,0,0.521738336580656,0,0,0.0113218724044077,0.0998389222746196,0,0,0.3520603799312,0,0,0,0.0286261531642146,0,0,0.762684316346688,0.389532281519648,0,0,0,0,0.34
"388",388,0,0,0,0.635020254323727,0,0,0.674207200066871,0,0,0,0.0821766327576579,0,0,0.395853178030293,0,0,0,0.135637531498931,0,0,0.820623728484794,0.371854813791078,0,0,0,0,0.41
"389",389,0,0,0,0.73307419380508,0,0,0.514742032976372,0,0,0.0254293858213072,0.180597338789427,0,0,0.598608573770095,0,0,0,0,0,0,0.679509250880418,0.833890296414529,0,0,0,0,0.25
"390",390,0,0,0,0.703314782788313,0,0,0.618454140346682,0,0,0.0221965124822186,0.126420857502117,0,0,0.0315558111443835,0,0,0,0,0,0,0.699942470136085,0.541154222469277,0,0,0,0,0.34
"391",391,0,0,0,0.720177904470204,0,0,0.381673058518791,0,0,0.0224629132334553,0.596238557228675,0,0,0.0537669639462876,0,0,0,0,0,0,0.688711061032908,0.502907813817164,0,0,0,0,0.27
"392",392,0,0,0,0.765156053940915,0,0,0.569373324534031,0,0,0.0440582142931305,0.692163789292392,0,0,0.0440215275457988,0,0,0,0.0181872039471152,0,0,0.753939439802097,0.805396951172069,0,0,0,0,0.26
"393",393,0,0,0,0.845050807197478,0,0,0.77441121929751,0,0,0.268263855080002,0.683448668101603,0,0,0.0772100434734739,0,0,0,0.13373474400645,0,0,0.846639488537898,0.937920068972349,0,0,0,0,0.23
"394",394,0.0421051467318185,0,0,0.722465505895144,0,0,0.80481417540198,0,0,0.0481219345445662,0.244348859229441,0,0,0.494559652908954,0,0,0,0.515827115565312,0,0,0.899897905543277,0.721162788752825,0,0,0,0,0.26
"395",395,0.0848386709186037,0,0,0.780213851588643,0,0,0.851369462387353,0,0,0.0666830228899541,0.692525498848642,0,0,0.0508655030306605,0,0,0,0.427927889986526,0,0,0.922007822199296,0.723832334630068,0,0,0,0,0.22
"396",396,0.0262585284328058,0,0,0.78529839266887,0,0,0.789420358451822,0,0,0.0829861952473046,0.731885595069417,0,0,0.449808027638594,0,0,0,0.303147793521196,0,0,0.889162831650063,0.493393257166086,0,0,0,0,0.28
"397",397,0,0,0,0.652793048341889,0,0,0.68792372386694,0,0,0.266378290916106,0.112283997372302,0,0,0.402379386510662,0,0,0,0.1257253142125,0,0,0.82118772732897,0.0518519493215714,0,0,0,0,0.39
"398",398,0.0305416410904256,0,0,0.351563913695761,0,0,0.729282625071731,0,0,0.0714578430510374,0.279760052305196,0,0,0.537105853736972,0,0,0,0.261886207813337,0,0,0.870587599427246,0.124436235472665,0,0,0,0,0.26
"399",399,0,0,0,0.310557941844285,0,0,0.648748536276968,0,0,0.303264911596353,0.295192380544541,0,0,0.512430940377875,0,0,0,0.184892988084641,0,0,0.837948059222014,0.0946171438077778,0,0,0,0,0.25
"400",400,0,0,0,0.1325030818347,0,0,0.448615046816882,0,0,0.0183738329189957,0.0281468412607819,0,0,0.357475034861859,0,0,0,0.0227809346403372,0,0,0.736858336385999,0.0299365891078424,0,0,0,0,0.34
